-- phpMyAdmin SQL Dump
-- version 5.1.1
-- https://www.phpmyadmin.net/
--
-- Host: 127.0.0.1
-- Tempo de geração: 31-Jul-2021 às 04:24
-- Versão do servidor: 10.4.19-MariaDB
-- versão do PHP: 7.4.20

SET SQL_MODE = "NO_AUTO_VALUE_ON_ZERO";
START TRANSACTION;
SET time_zone = "+00:00";


/*!40101 SET @OLD_CHARACTER_SET_CLIENT=@@CHARACTER_SET_CLIENT */;
/*!40101 SET @OLD_CHARACTER_SET_RESULTS=@@CHARACTER_SET_RESULTS */;
/*!40101 SET @OLD_COLLATION_CONNECTION=@@COLLATION_CONNECTION */;
/*!40101 SET NAMES utf8mb4 */;

--
-- Banco de dados: `db_remessa`
--

-- --------------------------------------------------------

--
-- Estrutura da tabela `tb_acesso`
--

CREATE TABLE `tb_acesso` (
  `acesso_id` int(11) NOT NULL,
  `acesso_nome` varchar(50) NOT NULL
) ENGINE=InnoDB DEFAULT CHARSET=utf8mb4;

-- --------------------------------------------------------

--
-- Estrutura da tabela `tb_ativo`
--

CREATE TABLE `tb_ativo` (
  `id` int(11) NOT NULL,
  `ativo` int(11) NOT NULL,
  `descricao` varchar(200) NOT NULL,
  `eam` int(11) NOT NULL,
  `placa` varchar(50) NOT NULL,
  `chassi` varchar(70) NOT NULL,
  `empresa_id` int(11) NOT NULL,
  `status_id` int(11) NOT NULL DEFAULT 1
) ENGINE=InnoDB DEFAULT CHARSET=utf8mb4;

--
-- Extraindo dados da tabela `tb_ativo`
--

INSERT INTO `tb_ativo` (`id`, `ativo`, `descricao`, `eam`, `placa`, `chassi`, `empresa_id`, `status_id`) VALUES
(9, 177004, 'TRATOR 9R', 140004, '801004', 'JD654646464646465', 449, 1),
(10, 177001, 'TRATOR 9R', 140001, '801001', 'JD654646464646465', 449, 1),
(11, 177002, 'TRATOR 9R', 140002, '801002', 'JD654646464646465', 449, 1),
(12, 177003, 'TRATOR 9R', 140003, '801003', 'JD654646464646465', 449, 1),
(17, 177005, 'TRATOR 9R', 140005, '801005', 'JD654646464646465', 465, 1),
(18, 177006, 'TRATOR 9R', 140006, '801006', 'JD654646464646465', 467, 1),
(19, 177005, 'TRATOR 9R', 140005, '801005', 'JD654646464646465', 465, 1),
(20, 177006, 'TRATOR 9R', 140006, '801006', 'JD654646464646465', 467, 1),
(21, 177005, 'TRATOR 9R', 140005, '801005', 'JD654646464646465', 465, 1),
(22, 177006, 'TRATOR 9R', 140006, '801006', 'JD654646464646465', 467, 1),
(23, 177005, 'TRATOR 9R', 140005, '801005', 'JD654646464646465', 465, 1),
(24, 177006, 'TRATOR 9R', 140006, '801006', 'JD654646464646465', 467, 1),
(25, 177005, 'TRATOR 9R', 140005, '801005', 'JD654646464646465', 465, 1),
(26, 177006, 'TRATOR 9R', 140006, '801006', 'JD654646464646465', 467, 1),
(27, 177005, 'TRATOR 9R', 140005, '801005', 'JD654646464646465', 465, 1),
(28, 177006, 'TRATOR 9R', 140006, '801006', 'JD654646464646465', 467, 1),
(29, 177005, 'TRATOR 9R', 140005, '801005', 'JD654646464646465', 465, 1),
(30, 177006, 'TRATOR 9R', 140006, '801006', 'JD654646464646465', 467, 1),
(31, 177005, 'TRATOR 9R', 140005, '801005', 'JD654646464646465', 465, 1),
(32, 177006, 'TRATOR 9R', 140006, '801006', 'JD654646464646465', 467, 1),
(33, 177005, 'TRATOR 9R', 140005, '801005', 'JD654646464646465', 465, 1),
(34, 177006, 'TRATOR 9R', 140006, '801006', 'JD654646464646465', 467, 1),
(35, 177005, 'TRATOR 9R', 140005, '801005', 'JD654646464646465', 465, 1),
(36, 177006, 'TRATOR 9R', 140006, '801006', 'JD654646464646465', 467, 1),
(37, 177005, 'TRATOR 9R', 140005, '801005', 'JD654646464646465', 465, 1),
(38, 177006, 'TRATOR 9R', 140006, '801006', 'JD654646464646465', 467, 1),
(39, 177005, 'TRATOR 9R', 140005, '801005', 'JD654646464646465', 465, 1),
(40, 177006, 'TRATOR 9R', 140006, '801006', 'JD654646464646465', 467, 1),
(41, 177005, 'TRATOR 9R', 140005, '801005', 'JD654646464646465', 465, 1),
(42, 177006, 'TRATOR 9R', 140006, '801006', 'JD654646464646465', 467, 1),
(43, 177005, 'TRATOR 9R', 140005, '801005', 'JD654646464646465', 465, 1),
(44, 177006, 'TRATOR 9R', 140006, '801006', 'JD654646464646465', 467, 1),
(45, 177005, 'TRATOR 9R', 140005, '801005', 'JD654646464646465', 465, 1),
(46, 177006, 'TRATOR 9R', 140006, '801006', 'JD654646464646465', 467, 1),
(47, 177005, 'TRATOR 9R', 140005, '801005', 'JD654646464646465', 465, 1),
(48, 177006, 'TRATOR 9R', 140006, '801006', 'JD654646464646465', 467, 1),
(49, 177005, 'TRATOR 9R', 140005, '801005', 'JD654646464646465', 465, 1),
(50, 177006, 'TRATOR 9R', 140006, '801006', 'JD654646464646465', 467, 1),
(51, 177006, 'TRATOR 9R', 140006, '801006', 'JD654646464646465', 467, 1),
(52, 177006, 'TRATOR 9R', 140006, '801006', 'JD654646464646465', 467, 1),
(53, 177006, 'TRATOR 9R', 140006, '801006', 'JD654646464646465', 467, 1),
(54, 177006, 'TRATOR 9R', 140006, '801006', 'JD654646464646465', 467, 1),
(55, 177006, 'TRATOR 9R', 140006, '801006', 'JD654646464646465', 467, 1),
(56, 177006, 'TRATOR 9R', 140006, '801006', 'JD654646464646465', 467, 1),
(57, 177006, 'TRATOR 9R', 140006, '801006', 'JD654646464646465', 467, 1),
(58, 177006, 'TRATOR 9R', 140006, '801006', 'JD654646464646465', 467, 1),
(59, 177006, 'TRATOR 9R', 140006, '801006', 'JD654646464646465', 467, 1),
(60, 177006, 'TRATOR 9R', 140006, '801006', 'JD654646464646465', 467, 1),
(61, 177006, 'TRATOR 9R', 140006, '801006', 'JD654646464646465', 467, 1),
(62, 177006, 'TRATOR 9R', 140006, '801006', 'JD654646464646465', 467, 1),
(63, 177006, 'TRATOR 9R', 140006, '801006', 'JD654646464646465', 467, 1),
(64, 177006, 'TRATOR 9R', 140006, '801006', 'JD654646464646465', 467, 1),
(65, 177006, 'TRATOR 9R', 140006, '801006', 'JD654646464646465', 467, 1),
(66, 177006, 'TRATOR 9R', 140006, '801006', 'JD654646464646465', 467, 1),
(67, 177006, 'TRATOR 9R', 140006, '801006', 'JD654646464646465', 467, 1),
(68, 177006, 'TRATOR 9R', 140006, '801006', 'JD654646464646465', 467, 1),
(69, 177006, 'TRATOR 9R', 140006, '801006', 'JD654646464646465', 467, 1),
(70, 177006, 'TRATOR 9R', 140006, '801006', 'JD654646464646465', 467, 1),
(71, 177006, 'TRATOR 9R', 140006, '801006', 'JD654646464646465', 467, 1),
(72, 177006, 'TRATOR 9R', 140006, '801006', 'JD654646464646465', 467, 1),
(73, 177006, 'TRATOR 9R', 140006, '801006', 'JD654646464646465', 467, 1),
(74, 177006, 'TRATOR 9R', 140006, '801006', 'JD654646464646465', 467, 1),
(75, 177006, 'TRATOR 9R', 140006, '801006', 'JD654646464646465', 467, 1),
(76, 177006, 'TRATOR 9R', 140006, '801006', 'JD654646464646465', 467, 1),
(77, 177006, 'TRATOR 9R', 140006, '801006', 'JD654646464646465', 467, 1),
(78, 177006, 'TRATOR 9R', 140006, '801006', 'JD654646464646465', 467, 1),
(79, 177006, 'TRATOR 9R', 140006, '801006', 'JD654646464646465', 467, 1),
(80, 177006, 'TRATOR 9R', 140006, '801006', 'JD654646464646465', 467, 1),
(81, 177006, 'TRATOR 9R', 140006, '801006', 'JD654646464646465', 467, 1),
(82, 177006, 'TRATOR 9R', 140006, '801006', 'JD654646464646465', 467, 1),
(83, 177006, 'TRATOR 9R', 140006, '801006', 'JD654646464646465', 467, 1),
(84, 177006, 'TRATOR 9R', 140006, '801006', 'JD654646464646465', 467, 1),
(85, 177006, 'TRATOR 9R', 140006, '801006', 'JD654646464646465', 467, 1),
(86, 177006, 'TRATOR 9R', 140006, '801006', 'JD654646464646465', 467, 1),
(87, 177006, 'TRATOR 9R', 140006, '801006', 'JD654646464646465', 467, 1),
(88, 177006, 'TRATOR 9R', 140006, '801006', 'JD654646464646465', 467, 1),
(89, 177006, 'TRATOR 9R', 140006, '801006', 'JD654646464646465', 467, 1),
(90, 177006, 'TRATOR 9R', 140006, '801006', 'JD654646464646465', 467, 1),
(91, 177006, 'TRATOR 9R', 140006, '801006', 'JD654646464646465', 467, 1),
(92, 177006, 'TRATOR 9R', 140006, '801006', 'JD654646464646465', 467, 1),
(93, 177006, 'TRATOR 9R', 140006, '801006', 'JD654646464646465', 467, 1),
(94, 177006, 'TRATOR 9R', 140006, '801006', 'JD654646464646465', 467, 1),
(95, 177006, 'TRATOR 9R', 140006, '801006', 'JD654646464646465', 467, 1),
(96, 177006, 'TRATOR 9R', 140006, '801006', 'JD654646464646465', 467, 1),
(97, 177006, 'TRATOR 9R', 140006, '801006', 'JD654646464646465', 467, 1),
(98, 177006, 'TRATOR 9R', 140006, '801006', 'JD654646464646465', 467, 1),
(99, 177006, 'TRATOR 9R', 140006, '801006', 'JD654646464646465', 467, 1),
(100, 177006, 'TRATOR 9R', 140006, '801006', 'JD654646464646465', 467, 1),
(101, 177006, 'TRATOR 9R', 140006, '801006', 'JD654646464646465', 467, 1),
(102, 177006, 'TRATOR 9R', 140006, '801006', 'JD654646464646465', 467, 1),
(103, 177006, 'TRATOR 9R', 140006, '801006', 'JD654646464646465', 467, 1),
(104, 177006, 'TRATOR 9R', 140006, '801006', 'JD654646464646465', 467, 1),
(105, 177006, 'TRATOR 9R', 140006, '801006', 'JD654646464646465', 467, 1),
(106, 177006, 'TRATOR 9R', 140006, '801006', 'JD654646464646465', 467, 1),
(107, 177006, 'TRATOR 9R', 140006, '801006', 'JD654646464646465', 467, 1),
(108, 177006, 'TRATOR 9R', 140006, '801006', 'JD654646464646465', 467, 1),
(109, 177006, 'TRATOR 9R', 140006, '801006', 'JD654646464646465', 467, 1),
(110, 177006, 'TRATOR 9R', 140006, '801006', 'JD654646464646465', 467, 1),
(111, 177006, 'TRATOR 9R', 140006, '801006', 'JD654646464646465', 467, 1),
(112, 177006, 'TRATOR 9R', 140006, '801006', 'JD654646464646465', 467, 1),
(113, 177006, 'TRATOR 9R', 140006, '801006', 'JD654646464646465', 467, 1),
(114, 177006, 'TRATOR 9R', 140006, '801006', 'JD654646464646465', 467, 1),
(115, 177006, 'TRATOR 9R', 140006, '801006', 'JD654646464646465', 467, 1),
(116, 177006, 'TRATOR 9R', 140006, '801006', 'JD654646464646465', 467, 1),
(117, 177006, 'TRATOR 9R', 140006, '801006', 'JD654646464646465', 467, 1),
(118, 177006, 'TRATOR 9R', 140006, '801006', 'JD654646464646465', 467, 1),
(119, 177006, 'TRATOR 9R', 140006, '801006', 'JD654646464646465', 467, 1),
(120, 177006, 'TRATOR 9R', 140006, '801006', 'JD654646464646465', 467, 1),
(121, 177006, 'TRATOR 9R', 140006, '801006', 'JD654646464646465', 467, 1),
(122, 177006, 'TRATOR 9R', 140006, '801006', 'JD654646464646465', 467, 1),
(123, 177006, 'TRATOR 9R', 140006, '801006', 'JD654646464646465', 467, 1),
(124, 177006, 'TRATOR 9R', 140006, '801006', 'JD654646464646465', 467, 1),
(125, 177006, 'TRATOR 9R', 140006, '801006', 'JD654646464646465', 467, 1),
(126, 177006, 'TRATOR 9R', 140006, '801006', 'JD654646464646465', 467, 1),
(127, 177006, 'TRATOR 9R', 140006, '801006', 'JD654646464646465', 467, 1),
(128, 177006, 'TRATOR 9R', 140006, '801006', 'JD654646464646465', 467, 1),
(129, 177006, 'TRATOR 9R', 140006, '801006', 'JD654646464646465', 467, 1),
(130, 177006, 'TRATOR 9R', 140006, '801006', 'JD654646464646465', 467, 1),
(131, 177006, 'TRATOR 9R', 140006, '801006', 'JD654646464646465', 467, 1),
(132, 177006, 'TRATOR 9R', 140006, '801006', 'JD654646464646465', 467, 1),
(133, 177006, 'TRATOR 9R', 140006, '801006', 'JD654646464646465', 467, 1),
(134, 177006, 'TRATOR 9R', 140006, '801006', 'JD654646464646465', 467, 1),
(135, 177006, 'TRATOR 9R', 140006, '801006', 'JD654646464646465', 467, 1),
(136, 177006, 'TRATOR 9R', 140006, '801006', 'JD654646464646465', 467, 1),
(137, 177006, 'TRATOR 9R', 140006, '801006', 'JD654646464646465', 467, 1),
(138, 177006, 'TRATOR 9R', 140006, '801006', 'JD654646464646465', 467, 1),
(139, 177006, 'TRATOR 9R', 140006, '801006', 'JD654646464646465', 467, 1),
(140, 177006, 'TRATOR 9R', 140006, '801006', 'JD654646464646465', 467, 1),
(141, 177006, 'TRATOR 9R', 140006, '801006', 'JD654646464646465', 467, 1),
(142, 177006, 'TRATOR 9R', 140006, '801006', 'JD654646464646465', 467, 1),
(143, 177006, 'TRATOR 9R', 140006, '801006', 'JD654646464646465', 467, 1),
(144, 177006, 'TRATOR 9R', 140006, '801006', 'JD654646464646465', 467, 1),
(145, 177006, 'TRATOR 9R', 140006, '801006', 'JD654646464646465', 467, 1),
(146, 177006, 'TRATOR 9R', 140006, '801006', 'JD654646464646465', 467, 1),
(147, 177006, 'TRATOR 9R', 140006, '801006', 'JD654646464646465', 467, 1),
(148, 177006, 'TRATOR 9R', 140006, '801006', 'JD654646464646465', 467, 1),
(149, 177006, 'TRATOR 9R', 140006, '801006', 'JD654646464646465', 467, 1),
(150, 177006, 'TRATOR 9R', 140006, '801006', 'JD654646464646465', 467, 1),
(151, 177006, 'TRATOR 9R', 140006, '801006', 'JD654646464646465', 467, 1),
(152, 177006, 'TRATOR 9R', 140006, '801006', 'JD654646464646465', 467, 1),
(153, 177006, 'TRATOR 9R', 140006, '801006', 'JD654646464646465', 467, 1),
(154, 177006, 'TRATOR 9R', 140006, '801006', 'JD654646464646465', 467, 1),
(155, 177006, 'TRATOR 9R', 140006, '801006', 'JD654646464646465', 467, 1),
(156, 177006, 'TRATOR 9R', 140006, '801006', 'JD654646464646465', 467, 1),
(157, 177006, 'TRATOR 9R', 140006, '801006', 'JD654646464646465', 467, 1),
(158, 177006, 'TRATOR 9R', 140006, '801006', 'JD654646464646465', 467, 1),
(159, 177006, 'TRATOR 9R', 140006, '801006', 'JD654646464646465', 467, 1),
(160, 177006, 'TRATOR 9R', 140006, '801006', 'JD654646464646465', 467, 1),
(161, 177006, 'TRATOR 9R', 140006, '801006', 'JD654646464646465', 467, 1),
(162, 177006, 'TRATOR 9R', 140006, '801006', 'JD654646464646465', 467, 1),
(163, 177006, 'TRATOR 9R', 140006, '801006', 'JD654646464646465', 467, 1),
(164, 177006, 'TRATOR 9R', 140006, '801006', 'JD654646464646465', 467, 1),
(165, 177006, 'TRATOR 9R', 140006, '801006', 'JD654646464646465', 467, 1),
(166, 177006, 'TRATOR 9R', 140006, '801006', 'JD654646464646465', 467, 1),
(167, 177006, 'TRATOR 9R', 140006, '801006', 'JD654646464646465', 467, 1),
(168, 177006, 'TRATOR 9R', 140006, '801006', 'JD654646464646465', 467, 1),
(169, 177006, 'TRATOR 9R', 140006, '801006', 'JD654646464646465', 467, 1),
(170, 177006, 'TRATOR 9R', 140006, '801006', 'JD654646464646465', 467, 1),
(171, 177006, 'TRATOR 9R', 140006, '801006', 'JD654646464646465', 467, 1),
(172, 177006, 'TRATOR 9R', 140006, '801006', 'JD654646464646465', 467, 1),
(173, 177006, 'TRATOR 9R', 140006, '801006', 'JD654646464646465', 467, 1),
(174, 177006, 'TRATOR 9R', 140006, '801006', 'JD654646464646465', 467, 1),
(175, 177006, 'TRATOR 9R', 140006, '801006', 'JD654646464646465', 467, 1),
(176, 177006, 'TRATOR 9R', 140006, '801006', 'JD654646464646465', 467, 1),
(177, 177006, 'TRATOR 9R', 140006, '801006', 'JD654646464646465', 467, 1),
(178, 177006, 'TRATOR 9R', 140006, '801006', 'JD654646464646465', 467, 1),
(179, 177006, 'TRATOR 9R', 140006, '801006', 'JD654646464646465', 467, 1),
(180, 177006, 'TRATOR 9R', 140006, '801006', 'JD654646464646465', 467, 1),
(181, 177006, 'TRATOR 9R', 140006, '801006', 'JD654646464646465', 467, 1),
(182, 177006, 'TRATOR 9R', 140006, '801006', 'JD654646464646465', 467, 1),
(183, 177006, 'TRATOR 9R', 140006, '801006', 'JD654646464646465', 467, 1),
(184, 177006, 'TRATOR 9R', 140006, '801006', 'JD654646464646465', 467, 1),
(185, 177006, 'TRATOR 9R', 140006, '801006', 'JD654646464646465', 467, 1),
(186, 177006, 'TRATOR 9R', 140006, '801006', 'JD654646464646465', 467, 1),
(187, 177006, 'TRATOR 9R', 140006, '801006', 'JD654646464646465', 467, 1),
(188, 177006, 'TRATOR 9R', 140006, '801006', 'JD654646464646465', 467, 1),
(189, 177006, 'TRATOR 9R', 140006, '801006', 'JD654646464646465', 467, 1),
(190, 177005, 'TRATOR 9R', 140005, '801005', 'JD654646464646465', 465, 1),
(191, 177006, 'TRATOR 9R', 140006, '801006', 'JD654646464646465', 467, 1),
(192, 177005, 'TRATOR 9R', 140005, '801005', 'JD654646464646465', 465, 1),
(193, 177006, 'TRATOR 9R', 140006, '801006', 'JD654646464646465', 467, 1),
(194, 177006, 'TRATOR 9R', 140006, '801006', 'JD654646464646465', 467, 1),
(195, 177006, 'TRATOR 9R', 140006, '801006', 'JD654646464646465', 467, 1),
(196, 177006, 'TRATOR 9R', 140006, '801006', 'JD654646464646465', 467, 1),
(197, 177006, 'TRATOR 9R', 140006, '801006', 'JD654646464646465', 467, 1),
(198, 177006, 'TRATOR 9R', 140006, '801006', 'JD654646464646465', 467, 1),
(199, 177006, 'TRATOR 9R', 140006, '801006', 'JD654646464646465', 467, 1),
(200, 177006, 'TRATOR 9R', 140006, '801006', 'JD654646464646465', 467, 1),
(201, 177006, 'TRATOR 9R', 140006, '801006', 'JD654646464646465', 467, 1),
(202, 177006, 'TRATOR 9R', 140006, '801006', 'JD654646464646465', 467, 1),
(203, 177006, 'TRATOR 9R', 140006, '801006', 'JD654646464646465', 467, 1),
(204, 177006, 'TRATOR 9R', 140006, '801006', 'JD654646464646465', 467, 1),
(205, 177006, 'TRATOR 9R', 140006, '801006', 'JD654646464646465', 467, 1),
(206, 177006, 'TRATOR 9R', 140006, '801006', 'JD654646464646465', 467, 1),
(207, 177006, 'TRATOR 9R', 140006, '801006', 'JD654646464646465', 467, 1),
(208, 177006, 'TRATOR 9R', 140006, '801006', 'JD654646464646465', 467, 1),
(209, 177006, 'TRATOR 9R', 140006, '801006', 'JD654646464646465', 467, 1),
(210, 177006, 'TRATOR 9R', 140006, '801006', 'JD654646464646465', 467, 1),
(211, 177006, 'TRATOR 9R', 140006, '801006', 'JD654646464646465', 467, 1),
(212, 177006, 'TRATOR 9R', 140006, '801006', 'JD654646464646465', 467, 1),
(213, 177006, 'TRATOR 9R', 140006, '801006', 'JD654646464646465', 467, 1),
(214, 177006, 'TRATOR 9R', 140006, '801006', 'JD654646464646465', 467, 1),
(215, 177006, 'TRATOR 9R', 140006, '801006', 'JD654646464646465', 467, 1),
(216, 177006, 'TRATOR 9R', 140006, '801006', 'JD654646464646465', 467, 1),
(217, 177006, 'TRATOR 9R', 140006, '801006', 'JD654646464646465', 467, 1),
(218, 177006, 'TRATOR 9R', 140006, '801006', 'JD654646464646465', 467, 1),
(219, 177006, 'TRATOR 9R', 140006, '801006', 'JD654646464646465', 467, 1),
(220, 177006, 'TRATOR 9R', 140006, '801006', 'JD654646464646465', 467, 1),
(221, 177006, 'TRATOR 9R', 140006, '801006', 'JD654646464646465', 467, 1),
(222, 177006, 'TRATOR 9R', 140006, '801006', 'JD654646464646465', 467, 1),
(223, 177006, 'TRATOR 9R', 140006, '801006', 'JD654646464646465', 467, 1),
(224, 177006, 'TRATOR 9R', 140006, '801006', 'JD654646464646465', 467, 1),
(225, 177006, 'TRATOR 9R', 140006, '801006', 'JD654646464646465', 467, 1),
(226, 177006, 'TRATOR 9R', 140006, '801006', 'JD654646464646465', 467, 1),
(227, 177006, 'TRATOR 9R', 140006, '801006', 'JD654646464646465', 467, 1),
(228, 177006, 'TRATOR 9R', 140006, '801006', 'JD654646464646465', 467, 1),
(229, 177006, 'TRATOR 9R', 140006, '801006', 'JD654646464646465', 467, 1),
(230, 177006, 'TRATOR 9R', 140006, '801006', 'JD654646464646465', 467, 1),
(231, 177006, 'TRATOR 9R', 140006, '801006', 'JD654646464646465', 467, 1),
(232, 177006, 'TRATOR 9R', 140006, '801006', 'JD654646464646465', 467, 1),
(233, 177006, 'TRATOR 9R', 140006, '801006', 'JD654646464646465', 467, 1),
(234, 177006, 'TRATOR 9R', 140006, '801006', 'JD654646464646465', 467, 1),
(235, 177006, 'TRATOR 9R', 140006, '801006', 'JD654646464646465', 467, 1),
(236, 177006, 'TRATOR 9R', 140006, '801006', 'JD654646464646465', 467, 1),
(237, 177006, 'TRATOR 9R', 140006, '801006', 'JD654646464646465', 467, 1),
(238, 177006, 'TRATOR 9R', 140006, '801006', 'JD654646464646465', 467, 1),
(239, 177006, 'TRATOR 9R', 140006, '801006', 'JD654646464646465', 467, 1),
(240, 177006, 'TRATOR 9R', 140006, '801006', 'JD654646464646465', 467, 1),
(241, 177006, 'TRATOR 9R', 140006, '801006', 'JD654646464646465', 467, 1),
(242, 177006, 'TRATOR 9R', 140006, '801006', 'JD654646464646465', 467, 1),
(243, 177006, 'TRATOR 9R', 140006, '801006', 'JD654646464646465', 467, 1),
(244, 177006, 'TRATOR 9R', 140006, '801006', 'JD654646464646465', 467, 1),
(245, 177006, 'TRATOR 9R', 140006, '801006', 'JD654646464646465', 467, 1),
(246, 177006, 'TRATOR 9R', 140006, '801006', 'JD654646464646465', 467, 1),
(247, 177006, 'TRATOR 9R', 140006, '801006', 'JD654646464646465', 467, 1),
(248, 177006, 'TRATOR 9R', 140006, '801006', 'JD654646464646465', 467, 1),
(249, 177006, 'TRATOR 9R', 140006, '801006', 'JD654646464646465', 467, 1),
(250, 177006, 'TRATOR 9R', 140006, '801006', 'JD654646464646465', 467, 1),
(251, 177006, 'TRATOR 9R', 140006, '801006', 'JD654646464646465', 467, 1),
(252, 177006, 'TRATOR 9R', 140006, '801006', 'JD654646464646465', 467, 1),
(253, 177006, 'TRATOR 9R', 140006, '801006', 'JD654646464646465', 467, 1),
(254, 177006, 'TRATOR 9R', 140006, '801006', 'JD654646464646465', 467, 1),
(255, 177006, 'TRATOR 9R', 140006, '801006', 'JD654646464646465', 467, 1),
(256, 177006, 'TRATOR 9R', 140006, '801006', 'JD654646464646465', 467, 1),
(257, 177006, 'TRATOR 9R', 140006, '801006', 'JD654646464646465', 467, 1),
(258, 177006, 'TRATOR 9R', 140006, '801006', 'JD654646464646465', 467, 1),
(259, 177006, 'TRATOR 9R', 140006, '801006', 'JD654646464646465', 467, 1),
(260, 177006, 'TRATOR 9R', 140006, '801006', 'JD654646464646465', 467, 1),
(261, 177006, 'TRATOR 9R', 140006, '801006', 'JD654646464646465', 467, 1),
(262, 177006, 'TRATOR 9R', 140006, '801006', 'JD654646464646465', 467, 1),
(263, 177006, 'TRATOR 9R', 140006, '801006', 'JD654646464646465', 467, 1),
(264, 177006, 'TRATOR 9R', 140006, '801006', 'JD654646464646465', 467, 1),
(265, 177006, 'TRATOR 9R', 140006, '801006', 'JD654646464646465', 467, 1),
(266, 177006, 'TRATOR 9R', 140006, '801006', 'JD654646464646465', 467, 1),
(267, 177006, 'TRATOR 9R', 140006, '801006', 'JD654646464646465', 467, 1),
(268, 177006, 'TRATOR 9R', 140006, '801006', 'JD654646464646465', 467, 1),
(269, 177006, 'TRATOR 9R', 140006, '801006', 'JD654646464646465', 467, 1),
(270, 177006, 'TRATOR 9R', 140006, '801006', 'JD654646464646465', 467, 1),
(271, 177006, 'TRATOR 9R', 140006, '801006', 'JD654646464646465', 467, 1),
(272, 177006, 'TRATOR 9R', 140006, '801006', 'JD654646464646465', 467, 1),
(273, 177006, 'TRATOR 9R', 140006, '801006', 'JD654646464646465', 467, 1),
(274, 177006, 'TRATOR 9R', 140006, '801006', 'JD654646464646465', 467, 1),
(275, 177006, 'TRATOR 9R', 140006, '801006', 'JD654646464646465', 467, 1),
(276, 177006, 'TRATOR 9R', 140006, '801006', 'JD654646464646465', 467, 1),
(277, 177006, 'TRATOR 9R', 140006, '801006', 'JD654646464646465', 467, 1),
(278, 177006, 'TRATOR 9R', 140006, '801006', 'JD654646464646465', 467, 1),
(279, 177006, 'TRATOR 9R', 140006, '801006', 'JD654646464646465', 467, 1),
(280, 177006, 'TRATOR 9R', 140006, '801006', 'JD654646464646465', 467, 1),
(281, 177006, 'TRATOR 9R', 140006, '801006', 'JD654646464646465', 467, 1),
(282, 177006, 'TRATOR 9R', 140006, '801006', 'JD654646464646465', 467, 1),
(283, 177006, 'TRATOR 9R', 140006, '801006', 'JD654646464646465', 467, 1),
(284, 177006, 'TRATOR 9R', 140006, '801006', 'JD654646464646465', 467, 1),
(285, 177006, 'TRATOR 9R', 140006, '801006', 'JD654646464646465', 467, 1),
(286, 177006, 'TRATOR 9R', 140006, '801006', 'JD654646464646465', 467, 1),
(287, 177006, 'TRATOR 9R', 140006, '801006', 'JD654646464646465', 467, 1),
(288, 177006, 'TRATOR 9R', 140006, '801006', 'JD654646464646465', 467, 1),
(289, 177006, 'TRATOR 9R', 140006, '801006', 'JD654646464646465', 467, 1),
(290, 177006, 'TRATOR 9R', 140006, '801006', 'JD654646464646465', 467, 1),
(291, 177006, 'TRATOR 9R', 140006, '801006', 'JD654646464646465', 467, 1),
(292, 177006, 'TRATOR 9R', 140006, '801006', 'JD654646464646465', 467, 1),
(293, 177006, 'TRATOR 9R', 140006, '801006', 'JD654646464646465', 467, 1),
(294, 177006, 'TRATOR 9R', 140006, '801006', 'JD654646464646465', 467, 1),
(295, 177006, 'TRATOR 9R', 140006, '801006', 'JD654646464646465', 467, 1),
(296, 177006, 'TRATOR 9R', 140006, '801006', 'JD654646464646465', 467, 1),
(297, 177006, 'TRATOR 9R', 140006, '801006', 'JD654646464646465', 467, 1),
(298, 177006, 'TRATOR 9R', 140006, '801006', 'JD654646464646465', 467, 1),
(299, 177006, 'TRATOR 9R', 140006, '801006', 'JD654646464646465', 467, 1),
(300, 177006, 'TRATOR 9R', 140006, '801006', 'JD654646464646465', 467, 1),
(301, 177006, 'TRATOR 9R', 140006, '801006', 'JD654646464646465', 467, 1),
(302, 177006, 'TRATOR 9R', 140006, '801006', 'JD654646464646465', 467, 1),
(303, 177006, 'TRATOR 9R', 140006, '801006', 'JD654646464646465', 467, 1),
(304, 177006, 'TRATOR 9R', 140006, '801006', 'JD654646464646465', 467, 1),
(305, 177006, 'TRATOR 9R', 140006, '801006', 'JD654646464646465', 467, 1),
(306, 177006, 'TRATOR 9R', 140006, '801006', 'JD654646464646465', 467, 1),
(307, 177006, 'TRATOR 9R', 140006, '801006', 'JD654646464646465', 467, 1),
(308, 177006, 'TRATOR 9R', 140006, '801006', 'JD654646464646465', 467, 1),
(309, 177006, 'TRATOR 9R', 140006, '801006', 'JD654646464646465', 467, 1),
(310, 177006, 'TRATOR 9R', 140006, '801006', 'JD654646464646465', 467, 1),
(311, 177006, 'TRATOR 9R', 140006, '801006', 'JD654646464646465', 467, 1),
(312, 177006, 'TRATOR 9R', 140006, '801006', 'JD654646464646465', 467, 1),
(313, 177006, 'TRATOR 9R', 140006, '801006', 'JD654646464646465', 467, 1),
(314, 177006, 'TRATOR 9R', 140006, '801006', 'JD654646464646465', 467, 1),
(315, 177006, 'TRATOR 9R', 140006, '801006', 'JD654646464646465', 467, 1),
(316, 177006, 'TRATOR 9R', 140006, '801006', 'JD654646464646465', 467, 1),
(317, 177006, 'TRATOR 9R', 140006, '801006', 'JD654646464646465', 467, 1),
(318, 177006, 'TRATOR 9R', 140006, '801006', 'JD654646464646465', 467, 1),
(319, 177006, 'TRATOR 9R', 140006, '801006', 'JD654646464646465', 467, 1),
(320, 177006, 'TRATOR 9R', 140006, '801006', 'JD654646464646465', 467, 1),
(321, 177006, 'TRATOR 9R', 140006, '801006', 'JD654646464646465', 467, 1),
(322, 177006, 'TRATOR 9R', 140006, '801006', 'JD654646464646465', 467, 1),
(323, 177006, 'TRATOR 9R', 140006, '801006', 'JD654646464646465', 467, 1),
(324, 177006, 'TRATOR 9R', 140006, '801006', 'JD654646464646465', 467, 1),
(325, 177006, 'TRATOR 9R', 140006, '801006', 'JD654646464646465', 467, 1),
(326, 177006, 'TRATOR 9R', 140006, '801006', 'JD654646464646465', 467, 1),
(327, 177006, 'TRATOR 9R', 140006, '801006', 'JD654646464646465', 467, 1),
(328, 177006, 'TRATOR 9R', 140006, '801006', 'JD654646464646465', 467, 1),
(329, 177006, 'TRATOR 9R', 140006, '801006', 'JD654646464646465', 467, 1),
(330, 177006, 'TRATOR 9R', 140006, '801006', 'JD654646464646465', 467, 1),
(331, 177006, 'TRATOR 9R', 140006, '801006', 'JD654646464646465', 467, 1),
(332, 177006, 'TRATOR 9R', 140006, '801006', 'JD654646464646465', 467, 1),
(333, 177005, 'TRATOR 9R', 140005, '801005', 'JD654646464646465', 465, 1),
(334, 177006, 'TRATOR 9R', 140006, '801006', 'JD654646464646465', 467, 1),
(335, 177005, 'TRATOR 9R', 140005, '801005', 'JD654646464646465', 465, 1),
(336, 177006, 'TRATOR 9R', 140006, '801006', 'JD654646464646465', 467, 1),
(337, 177006, 'TRATOR 9R', 140006, '801006', 'JD654646464646465', 467, 1),
(338, 177006, 'TRATOR 9R', 140006, '801006', 'JD654646464646465', 467, 1),
(339, 177006, 'TRATOR 9R', 140006, '801006', 'JD654646464646465', 467, 1),
(340, 177006, 'TRATOR 9R', 140006, '801006', 'JD654646464646465', 467, 1),
(341, 177006, 'TRATOR 9R', 140006, '801006', 'JD654646464646465', 467, 1),
(342, 177006, 'TRATOR 9R', 140006, '801006', 'JD654646464646465', 467, 1),
(343, 177006, 'TRATOR 9R', 140006, '801006', 'JD654646464646465', 467, 1),
(344, 177006, 'TRATOR 9R', 140006, '801006', 'JD654646464646465', 467, 1),
(345, 177006, 'TRATOR 9R', 140006, '801006', 'JD654646464646465', 467, 1),
(346, 177006, 'TRATOR 9R', 140006, '801006', 'JD654646464646465', 467, 1),
(347, 177006, 'TRATOR 9R', 140006, '801006', 'JD654646464646465', 467, 1),
(348, 177006, 'TRATOR 9R', 140006, '801006', 'JD654646464646465', 467, 1),
(349, 177006, 'TRATOR 9R', 140006, '801006', 'JD654646464646465', 467, 1),
(350, 177006, 'TRATOR 9R', 140006, '801006', 'JD654646464646465', 467, 1),
(351, 177006, 'TRATOR 9R', 140006, '801006', 'JD654646464646465', 467, 1),
(352, 177006, 'TRATOR 9R', 140006, '801006', 'JD654646464646465', 467, 1),
(353, 177006, 'TRATOR 9R', 140006, '801006', 'JD654646464646465', 467, 1),
(354, 177006, 'TRATOR 9R', 140006, '801006', 'JD654646464646465', 467, 1),
(355, 177006, 'TRATOR 9R', 140006, '801006', 'JD654646464646465', 467, 1),
(356, 177006, 'TRATOR 9R', 140006, '801006', 'JD654646464646465', 467, 1),
(357, 177006, 'TRATOR 9R', 140006, '801006', 'JD654646464646465', 467, 1),
(358, 177006, 'TRATOR 9R', 140006, '801006', 'JD654646464646465', 467, 1),
(359, 177006, 'TRATOR 9R', 140006, '801006', 'JD654646464646465', 467, 1),
(360, 177006, 'TRATOR 9R', 140006, '801006', 'JD654646464646465', 467, 1),
(361, 177006, 'TRATOR 9R', 140006, '801006', 'JD654646464646465', 467, 1),
(362, 177006, 'TRATOR 9R', 140006, '801006', 'JD654646464646465', 467, 1),
(363, 177006, 'TRATOR 9R', 140006, '801006', 'JD654646464646465', 467, 1),
(364, 177006, 'TRATOR 9R', 140006, '801006', 'JD654646464646465', 467, 1),
(365, 177006, 'TRATOR 9R', 140006, '801006', 'JD654646464646465', 467, 1),
(366, 177006, 'TRATOR 9R', 140006, '801006', 'JD654646464646465', 467, 1),
(367, 177006, 'TRATOR 9R', 140006, '801006', 'JD654646464646465', 467, 1),
(368, 177006, 'TRATOR 9R', 140006, '801006', 'JD654646464646465', 467, 1),
(369, 177006, 'TRATOR 9R', 140006, '801006', 'JD654646464646465', 467, 1),
(370, 177006, 'TRATOR 9R', 140006, '801006', 'JD654646464646465', 467, 1),
(371, 177006, 'TRATOR 9R', 140006, '801006', 'JD654646464646465', 467, 1),
(372, 177006, 'TRATOR 9R', 140006, '801006', 'JD654646464646465', 467, 1),
(373, 177006, 'TRATOR 9R', 140006, '801006', 'JD654646464646465', 467, 1),
(374, 177006, 'TRATOR 9R', 140006, '801006', 'JD654646464646465', 467, 1),
(375, 177006, 'TRATOR 9R', 140006, '801006', 'JD654646464646465', 467, 1),
(376, 177006, 'TRATOR 9R', 140006, '801006', 'JD654646464646465', 467, 1),
(377, 177006, 'TRATOR 9R', 140006, '801006', 'JD654646464646465', 467, 1),
(378, 177006, 'TRATOR 9R', 140006, '801006', 'JD654646464646465', 467, 1),
(379, 177006, 'TRATOR 9R', 140006, '801006', 'JD654646464646465', 467, 1),
(380, 177006, 'TRATOR 9R', 140006, '801006', 'JD654646464646465', 467, 1),
(381, 177006, 'TRATOR 9R', 140006, '801006', 'JD654646464646465', 467, 1),
(382, 177006, 'TRATOR 9R', 140006, '801006', 'JD654646464646465', 467, 1),
(383, 177006, 'TRATOR 9R', 140006, '801006', 'JD654646464646465', 467, 1),
(384, 177006, 'TRATOR 9R', 140006, '801006', 'JD654646464646465', 467, 1),
(385, 177006, 'TRATOR 9R', 140006, '801006', 'JD654646464646465', 467, 1),
(386, 177006, 'TRATOR 9R', 140006, '801006', 'JD654646464646465', 467, 1),
(387, 177006, 'TRATOR 9R', 140006, '801006', 'JD654646464646465', 467, 1),
(388, 177006, 'TRATOR 9R', 140006, '801006', 'JD654646464646465', 467, 1),
(389, 177006, 'TRATOR 9R', 140006, '801006', 'JD654646464646465', 467, 1),
(390, 177006, 'TRATOR 9R', 140006, '801006', 'JD654646464646465', 467, 1),
(391, 177006, 'TRATOR 9R', 140006, '801006', 'JD654646464646465', 467, 1),
(392, 177006, 'TRATOR 9R', 140006, '801006', 'JD654646464646465', 467, 1),
(393, 177006, 'TRATOR 9R', 140006, '801006', 'JD654646464646465', 467, 1),
(394, 177006, 'TRATOR 9R', 140006, '801006', 'JD654646464646465', 467, 1),
(395, 177006, 'TRATOR 9R', 140006, '801006', 'JD654646464646465', 467, 1),
(396, 177006, 'TRATOR 9R', 140006, '801006', 'JD654646464646465', 467, 1),
(397, 177006, 'TRATOR 9R', 140006, '801006', 'JD654646464646465', 467, 1),
(398, 177006, 'TRATOR 9R', 140006, '801006', 'JD654646464646465', 467, 1),
(399, 177006, 'TRATOR 9R', 140006, '801006', 'JD654646464646465', 467, 1),
(400, 177006, 'TRATOR 9R', 140006, '801006', 'JD654646464646465', 467, 1),
(401, 177006, 'TRATOR 9R', 140006, '801006', 'JD654646464646465', 467, 1),
(402, 177006, 'TRATOR 9R', 140006, '801006', 'JD654646464646465', 467, 1),
(403, 177006, 'TRATOR 9R', 140006, '801006', 'JD654646464646465', 467, 1),
(404, 177006, 'TRATOR 9R', 140006, '801006', 'JD654646464646465', 467, 1),
(405, 177006, 'TRATOR 9R', 140006, '801006', 'JD654646464646465', 467, 1),
(406, 177006, 'TRATOR 9R', 140006, '801006', 'JD654646464646465', 467, 1),
(407, 177006, 'TRATOR 9R', 140006, '801006', 'JD654646464646465', 467, 1),
(408, 177006, 'TRATOR 9R', 140006, '801006', 'JD654646464646465', 467, 1),
(409, 177006, 'TRATOR 9R', 140006, '801006', 'JD654646464646465', 467, 1),
(410, 177006, 'TRATOR 9R', 140006, '801006', 'JD654646464646465', 467, 1),
(411, 177006, 'TRATOR 9R', 140006, '801006', 'JD654646464646465', 467, 1),
(412, 177006, 'TRATOR 9R', 140006, '801006', 'JD654646464646465', 467, 1),
(413, 177006, 'TRATOR 9R', 140006, '801006', 'JD654646464646465', 467, 1),
(414, 177006, 'TRATOR 9R', 140006, '801006', 'JD654646464646465', 467, 1),
(415, 177006, 'TRATOR 9R', 140006, '801006', 'JD654646464646465', 467, 1),
(416, 177006, 'TRATOR 9R', 140006, '801006', 'JD654646464646465', 467, 1),
(417, 177006, 'TRATOR 9R', 140006, '801006', 'JD654646464646465', 467, 1),
(418, 177006, 'TRATOR 9R', 140006, '801006', 'JD654646464646465', 467, 1),
(419, 177006, 'TRATOR 9R', 140006, '801006', 'JD654646464646465', 467, 1),
(420, 177006, 'TRATOR 9R', 140006, '801006', 'JD654646464646465', 467, 1),
(421, 177006, 'TRATOR 9R', 140006, '801006', 'JD654646464646465', 467, 1),
(422, 177006, 'TRATOR 9R', 140006, '801006', 'JD654646464646465', 467, 1),
(423, 177006, 'TRATOR 9R', 140006, '801006', 'JD654646464646465', 467, 1),
(424, 177006, 'TRATOR 9R', 140006, '801006', 'JD654646464646465', 467, 1),
(425, 177006, 'TRATOR 9R', 140006, '801006', 'JD654646464646465', 467, 1),
(426, 177006, 'TRATOR 9R', 140006, '801006', 'JD654646464646465', 467, 1),
(427, 177006, 'TRATOR 9R', 140006, '801006', 'JD654646464646465', 467, 1),
(428, 177006, 'TRATOR 9R', 140006, '801006', 'JD654646464646465', 467, 1),
(429, 177006, 'TRATOR 9R', 140006, '801006', 'JD654646464646465', 467, 1),
(430, 177006, 'TRATOR 9R', 140006, '801006', 'JD654646464646465', 467, 1),
(431, 177006, 'TRATOR 9R', 140006, '801006', 'JD654646464646465', 467, 1),
(432, 177006, 'TRATOR 9R', 140006, '801006', 'JD654646464646465', 467, 1),
(433, 177006, 'TRATOR 9R', 140006, '801006', 'JD654646464646465', 467, 1),
(434, 177006, 'TRATOR 9R', 140006, '801006', 'JD654646464646465', 467, 1),
(435, 177006, 'TRATOR 9R', 140006, '801006', 'JD654646464646465', 467, 1),
(436, 177006, 'TRATOR 9R', 140006, '801006', 'JD654646464646465', 467, 1),
(437, 177006, 'TRATOR 9R', 140006, '801006', 'JD654646464646465', 467, 1),
(438, 177006, 'TRATOR 9R', 140006, '801006', 'JD654646464646465', 467, 1),
(439, 177006, 'TRATOR 9R', 140006, '801006', 'JD654646464646465', 467, 1),
(440, 177006, 'TRATOR 9R', 140006, '801006', 'JD654646464646465', 467, 1),
(441, 177006, 'TRATOR 9R', 140006, '801006', 'JD654646464646465', 467, 1),
(442, 177006, 'TRATOR 9R', 140006, '801006', 'JD654646464646465', 467, 1),
(443, 177006, 'TRATOR 9R', 140006, '801006', 'JD654646464646465', 467, 1),
(444, 177006, 'TRATOR 9R', 140006, '801006', 'JD654646464646465', 467, 1),
(445, 177006, 'TRATOR 9R', 140006, '801006', 'JD654646464646465', 467, 1),
(446, 177006, 'TRATOR 9R', 140006, '801006', 'JD654646464646465', 467, 1),
(447, 177006, 'TRATOR 9R', 140006, '801006', 'JD654646464646465', 467, 1),
(448, 177006, 'TRATOR 9R', 140006, '801006', 'JD654646464646465', 467, 1),
(449, 177006, 'TRATOR 9R', 140006, '801006', 'JD654646464646465', 467, 1),
(450, 177006, 'TRATOR 9R', 140006, '801006', 'JD654646464646465', 467, 1),
(451, 177006, 'TRATOR 9R', 140006, '801006', 'JD654646464646465', 467, 1),
(452, 177006, 'TRATOR 9R', 140006, '801006', 'JD654646464646465', 467, 1),
(453, 177006, 'TRATOR 9R', 140006, '801006', 'JD654646464646465', 467, 1),
(454, 177006, 'TRATOR 9R', 140006, '801006', 'JD654646464646465', 467, 1),
(455, 177006, 'TRATOR 9R', 140006, '801006', 'JD654646464646465', 467, 1),
(456, 177006, 'TRATOR 9R', 140006, '801006', 'JD654646464646465', 467, 1),
(457, 177006, 'TRATOR 9R', 140006, '801006', 'JD654646464646465', 467, 1),
(458, 177006, 'TRATOR 9R', 140006, '801006', 'JD654646464646465', 467, 1),
(459, 177006, 'TRATOR 9R', 140006, '801006', 'JD654646464646465', 467, 1),
(460, 177006, 'TRATOR 9R', 140006, '801006', 'JD654646464646465', 467, 1),
(461, 177006, 'TRATOR 9R', 140006, '801006', 'JD654646464646465', 467, 1),
(462, 177006, 'TRATOR 9R', 140006, '801006', 'JD654646464646465', 467, 1),
(463, 177006, 'TRATOR 9R', 140006, '801006', 'JD654646464646465', 467, 1),
(464, 177006, 'TRATOR 9R', 140006, '801006', 'JD654646464646465', 467, 1),
(465, 177006, 'TRATOR 9R', 140006, '801006', 'JD654646464646465', 467, 1),
(466, 177006, 'TRATOR 9R', 140006, '801006', 'JD654646464646465', 467, 1),
(467, 177006, 'TRATOR 9R', 140006, '801006', 'JD654646464646465', 467, 1),
(468, 177006, 'TRATOR 9R', 140006, '801006', 'JD654646464646465', 467, 1),
(469, 177006, 'TRATOR 9R', 140006, '801006', 'JD654646464646465', 467, 1),
(470, 177006, 'TRATOR 9R', 140006, '801006', 'JD654646464646465', 467, 1),
(471, 177006, 'TRATOR 9R', 140006, '801006', 'JD654646464646465', 467, 1),
(472, 177006, 'TRATOR 9R', 140006, '801006', 'JD654646464646465', 467, 1),
(473, 177006, 'TRATOR 9R', 140006, '801006', 'JD654646464646465', 467, 1),
(474, 177006, 'TRATOR 9R', 140006, '801006', 'JD654646464646465', 467, 1),
(475, 177006, 'TRATOR 9R', 140006, '801006', 'JD654646464646465', 467, 1);

-- --------------------------------------------------------

--
-- Estrutura da tabela `tb_cfop`
--

CREATE TABLE `tb_cfop` (
  `id` int(11) NOT NULL,
  `cfop` varchar(20) NOT NULL,
  `descricao` varchar(300) NOT NULL
) ENGINE=InnoDB DEFAULT CHARSET=utf8mb4;

--
-- Extraindo dados da tabela `tb_cfop`
--

INSERT INTO `tb_cfop` (`id`, `cfop`, `descricao`) VALUES
(1, '1908', 'Entrada de bem por conta de contrato de comodato'),
(2, '1909', 'Retorno de bem remetido por conta de contrato de comodato'),
(3, '2909', 'Retorno de bem remetido por conta de contrato de comodato'),
(6, '2908', 'Entrada de bem por conta de contrato de comodato');

-- --------------------------------------------------------

--
-- Estrutura da tabela `tb_cidade`
--

CREATE TABLE `tb_cidade` (
  `id` int(11) NOT NULL,
  `cidade` varchar(200) NOT NULL,
  `estado_id` int(11) NOT NULL
) ENGINE=InnoDB DEFAULT CHARSET=utf8mb4;

--
-- Extraindo dados da tabela `tb_cidade`
--

INSERT INTO `tb_cidade` (`id`, `cidade`, `estado_id`) VALUES
(14, 'LUIS EDUARDO MAGALHAES', 226),
(15, 'POSSE', 229),
(16, 'LUIS EDUARDO MAGALHAES', 226),
(17, 'POSSE', 229),
(19, 'BARREIRAS', 226),
(21, 'BARREIRAS', 227),
(22, 'POSSE', 229),
(23, 'BARREIRAS', 226),
(24, 'POSSES', 228),
(25, 'BARREIRAS', 227),
(26, 'POSSES', 247),
(27, 'POSSES', 225),
(28, 'SALVADOR', 226),
(29, 'FEIRA DE SANTANA', 226),
(31, 'LUIS EDUARDO MAGALHAES', 235),
(32, 'LUIS EDUARDO MAGALHAES', 235),
(33, 'LUIS EDUARDO MAGALHAES', 226),
(34, 'LUIS EDUARDO MAGALHAES', 226),
(39, 'ARCO VERDE', 236),
(40, 'JUAZEIRO', 226),
(41, 'CORRENTINA', 226);

-- --------------------------------------------------------

--
-- Estrutura da tabela `tb_empresa`
--

CREATE TABLE `tb_empresa` (
  `id` int(11) NOT NULL,
  `razao_social` varchar(100) NOT NULL,
  `nome_fantasia` varchar(200) DEFAULT NULL,
  `cnpj` char(14) NOT NULL,
  `ie` varchar(100) DEFAULT NULL,
  `endereco` varchar(100) NOT NULL,
  `cidade_id` int(11) NOT NULL
) ENGINE=InnoDB DEFAULT CHARSET=utf8mb4;

--
-- Extraindo dados da tabela `tb_empresa`
--

INSERT INTO `tb_empresa` (`id`, `razao_social`, `nome_fantasia`, `cnpj`, `ie`, `endereco`, `cidade_id`) VALUES
(448, 'SLC AGRÍCOLA', 'FAZENDA PANORAMA', '89096457002280', '13213132131', 'Fazenda Panorama Slc Agricola S.a. Br 020 Km 67 Zona Rural Correntina BA 47650-000', 39),
(449, 'SLC AGRÍCOLA', 'FAZENDA PANORAMA', '89096457002280', '13213132131', 'Fazenda Panorama Slc Agricola S.a. Br 020 Km 67 Zona Rural Correntina BA 47650-000', 39),
(450, 'SLC AGRÍCOLA', 'FAZENDA PANORAMA', '89096457002280', '13213132131', 'Fazenda Panorama Slc Agricola S.a. Br 020 Km 67 Zona Rural Correntina BA 47650-000', 39),
(451, 'SLC AGRÍCOLA', 'FAZENDA PANORAMA', '89096457002280', '13213132131', 'Fazenda Panorama Slc Agricola S.a. Br 020 Km 67 Zona Rural Correntina BA 47650-000', 39),
(452, 'SLC AGRÍCOLA', 'FAZENDA PANORAMA', '89096457002280', '13213132131', 'Fazenda Panorama Slc Agricola S.a. Br 020 Km 67 Zona Rural Correntina BA 47650-000', 39),
(453, 'SLC AGRÍCOLA', 'FAZENDA PANORAMA', '89096457002280', '13213132131', 'Fazenda Panorama Slc Agricola S.a. Br 020 Km 67 Zona Rural Correntina BA 47650-000', 39),
(454, 'SLC AGRÍCOLA', 'FAZENDA PANORAMA', '89096457002280', '13213132131', 'Fazenda Panorama Slc Agricola S.a. Br 020 Km 67 Zona Rural Correntina BA 47650-000', 39),
(455, 'SLC AGRÍCOLA', 'FAZENDA PANORAMA', '89096457002280', '13213132131', 'Fazenda Panorama Slc Agricola S.a. Br 020 Km 67 Zona Rural Correntina BA 47650-000', 39),
(456, 'SLC AGRÍCOLA', 'FAZENDA PANORAMA', '89096457002280', '13213132131', 'Fazenda Panorama Slc Agricola S.a. Br 020 Km 67 Zona Rural Correntina BA 47650-000', 39),
(457, 'SLC AGRÍCOLA', 'FAZENDA PANORAMA', '89096457002280', '13213132131', 'Fazenda Panorama Slc Agricola S.a. Br 020 Km 67 Zona Rural Correntina BA 47650-000', 39),
(458, 'SLC AGRÍCOLA', 'FAZENDA PANORAMA', '89096457002280', '13213132131', 'Fazenda Panorama Slc Agricola S.a. Br 020 Km 67 Zona Rural Correntina BA 47650-000', 39),
(459, 'SLC AGRÍCOLA', 'FAZENDA PANORAMA', '89096457002280', '13213132131', 'Fazenda Panorama Slc Agricola S.a. Br 020 Km 67 Zona Rural Correntina BA 47650-000', 39),
(460, 'SLC AGRÍCOLA', 'FAZENDA PANORAMA', '89096457002280', '13213132131', 'Fazenda Panorama Slc Agricola S.a. Br 020 Km 67 Zona Rural Correntina BA 47650-000', 39),
(461, 'SLC AGRÍCOLA', 'FAZENDA PANORAMA', '89096457002280', '13213132131', 'Fazenda Panorama Slc Agricola S.a. Br 020 Km 67 Zona Rural Correntina BA 47650-000', 39),
(462, 'SLC AGRÍCOLA', 'FAZENDA PANORAMA', '89096457002280', '13213132131', 'Fazenda Panorama Slc Agricola S.a. Br 020 Km 67 Zona Rural Correntina BA 47650-000', 39),
(463, 'SLC AGRÍCOLA', 'FAZENDA PANORAMA', '89096457002280', '13213132131', 'Fazenda Panorama Slc Agricola S.a. Br 020 Km 67 Zona Rural Correntina BA 47650-000', 39),
(464, 'SLC AGRÍCOLA', 'FAZENDA PANORAMA', '89096457002280', '13213132131', 'Fazenda Panorama Slc Agricola S.a. Br 020 Km 67 Zona Rural Correntina BA 47650-000', 39),
(465, 'SLC AGRÍCOLA', 'FAZENDA PANORAMA', '89096457002280', '13213132131', 'Fazenda Panorama Slc Agricola S.a. Br 020 Km 67 Zona Rural Correntina BA 47650-000', 39),
(466, 'SLC AGRÍCOLA', 'FAZENDA PANORAMA', '89096457002280', '13213132131', 'Fazenda Panorama Slc Agricola S.a. Br 020 Km 67 Zona Rural Correntina BA 47650-000', 39),
(467, 'SLC AGRÍCOLA', 'FAZENDA PANORAMA', '89096457002280', '13213132131', 'Fazenda Panorama Slc Agricola S.a. Br 020 Km 67 Zona Rural Correntina BA 47650-000', 39),
(468, 'SLC AGRÍCOLA', 'FAZENDA PANORAMA', '89096457002280', '13213132131', 'Fazenda Panorama Slc Agricola S.a. Br 020 Km 67 Zona Rural Correntina BA 47650-000', 39),
(469, 'SLC AGRÍCOLA', 'FAZENDA PANORAMA', '89096457002280', '13213132131', 'Fazenda Panorama Slc Agricola S.a. Br 020 Km 67 Zona Rural Correntina BA 47650-000', 39),
(470, 'SLC AGRÍCOLA', 'FAZENDA PANORAMA', '89096457002280', '13213132131', 'Fazenda Panorama Slc Agricola S.a. Br 020 Km 67 Zona Rural Correntina BA 47650-000', 39),
(471, 'SLC AGRÍCOLA', 'FAZENDA PANORAMA', '89096457002280', '13213132131', 'Fazenda Panorama Slc Agricola S.a. Br 020 Km 67 Zona Rural Correntina BA 47650-000', 39),
(472, 'SLC AGRÍCOLA', 'FAZENDA PANORAMA', '89096457002280', '13213132131', 'Fazenda Panorama Slc Agricola S.a. Br 020 Km 67 Zona Rural Correntina BA 47650-000', 39),
(473, 'SLC AGRÍCOLA', 'FAZENDA PANORAMA', '89096457002280', '13213132131', 'Fazenda Panorama Slc Agricola S.a. Br 020 Km 67 Zona Rural Correntina BA 47650-000', 39),
(474, 'SLC AGRÍCOLA', 'FAZENDA PANORAMA', '89096457002280', '13213132131', 'Fazenda Panorama Slc Agricola S.a. Br 020 Km 67 Zona Rural Correntina BA 47650-000', 39),
(475, 'SLC AGRÍCOLA', 'FAZENDA PANORAMA', '89096457002280', '13213132131', 'Fazenda Panorama Slc Agricola S.a. Br 020 Km 67 Zona Rural Correntina BA 47650-000', 39),
(476, 'SLC AGRÍCOLA', 'FAZENDA PANORAMA', '89096457002280', '13213132131', 'Fazenda Panorama Slc Agricola S.a. Br 020 Km 67 Zona Rural Correntina BA 47650-000', 39),
(477, 'SLC AGRÍCOLA', 'FAZENDA PANORAMA', '89096457002280', '13213132131', 'Fazenda Panorama Slc Agricola S.a. Br 020 Km 67 Zona Rural Correntina BA 47650-000', 39),
(478, 'SLC AGRÍCOLA', 'FAZENDA PANORAMA', '89096457002280', '13213132131', 'Fazenda Panorama Slc Agricola S.a. Br 020 Km 67 Zona Rural Correntina BA 47650-000', 39),
(479, 'SLC AGRÍCOLA', 'FAZENDA PANORAMA', '89096457002280', '13213132131', 'Fazenda Panorama Slc Agricola S.a. Br 020 Km 67 Zona Rural Correntina BA 47650-000', 39),
(480, 'SLC AGRÍCOLA', 'FAZENDA PANORAMA', '89096457002280', '13213132131', 'Fazenda Panorama Slc Agricola S.a. Br 020 Km 67 Zona Rural Correntina BA 47650-000', 39),
(481, 'SLC AGRÍCOLA', 'FAZENDA PANORAMA', '89096457002280', '13213132131', 'Fazenda Panorama Slc Agricola S.a. Br 020 Km 67 Zona Rural Correntina BA 47650-000', 39),
(482, 'SLC AGRÍCOLA', 'FAZENDA PANORAMA', '89096457002280', '13213132131', 'Fazenda Panorama Slc Agricola S.a. Br 020 Km 67 Zona Rural Correntina BA 47650-000', 39),
(483, 'SLC AGRÍCOLA', 'FAZENDA PANORAMA', '89096457002280', '13213132131', 'Fazenda Panorama Slc Agricola S.a. Br 020 Km 67 Zona Rural Correntina BA 47650-000', 39),
(484, 'SLC AGRÍCOLA', 'FAZENDA PANORAMA', '89096457002280', '13213132131', 'Fazenda Panorama Slc Agricola S.a. Br 020 Km 67 Zona Rural Correntina BA 47650-000', 39),
(485, 'SLC AGRÍCOLA', 'FAZENDA PANORAMA', '89096457002280', '13213132131', 'Fazenda Panorama Slc Agricola S.a. Br 020 Km 67 Zona Rural Correntina BA 47650-000', 39),
(486, 'SLC AGRÍCOLA', 'FAZENDA PANORAMA', '89096457002280', '13213132131', 'Fazenda Panorama Slc Agricola S.a. Br 020 Km 67 Zona Rural Correntina BA 47650-000', 39),
(487, 'SLC AGRÍCOLA', 'FAZENDA PANORAMA', '89096457002280', '13213132131', 'Fazenda Panorama Slc Agricola S.a. Br 020 Km 67 Zona Rural Correntina BA 47650-000', 39),
(488, 'SLC AGRÍCOLA', 'FAZENDA PANORAMA', '89096457002280', '13213132131', 'Fazenda Panorama Slc Agricola S.a. Br 020 Km 67 Zona Rural Correntina BA 47650-000', 39),
(489, 'SLC AGRÍCOLA', 'FAZENDA PANORAMA', '89096457002280', '13213132131', 'Fazenda Panorama Slc Agricola S.a. Br 020 Km 67 Zona Rural Correntina BA 47650-000', 39),
(490, 'SLC AGRÍCOLA', 'FAZENDA PANORAMA', '89096457002280', '13213132131', 'Fazenda Panorama Slc Agricola S.a. Br 020 Km 67 Zona Rural Correntina BA 47650-000', 39),
(491, 'SLC AGRÍCOLA', 'FAZENDA PANORAMA', '89096457002280', '13213132131', 'Fazenda Panorama Slc Agricola S.a. Br 020 Km 67 Zona Rural Correntina BA 47650-000', 39),
(492, 'SLC AGRÍCOLA', 'FAZENDA PANORAMA', '89096457002280', '13213132131', 'Fazenda Panorama Slc Agricola S.a. Br 020 Km 67 Zona Rural Correntina BA 47650-000', 39),
(493, 'SLC AGRÍCOLA', 'FAZENDA PANORAMA', '89096457002280', '13213132131', 'Fazenda Panorama Slc Agricola S.a. Br 020 Km 67 Zona Rural Correntina BA 47650-000', 39),
(494, 'SLC AGRÍCOLA', 'FAZENDA PANORAMA', '89096457002280', '13213132131', 'Fazenda Panorama Slc Agricola S.a. Br 020 Km 67 Zona Rural Correntina BA 47650-000', 39),
(495, 'SLC AGRÍCOLA', 'FAZENDA PANORAMA', '89096457002280', '13213132131', 'Fazenda Panorama Slc Agricola S.a. Br 020 Km 67 Zona Rural Correntina BA 47650-000', 39),
(496, 'SLC AGRÍCOLA', 'FAZENDA PANORAMA', '89096457002280', '13213132131', 'Fazenda Panorama Slc Agricola S.a. Br 020 Km 67 Zona Rural Correntina BA 47650-000', 39),
(497, 'SLC AGRÍCOLA', 'FAZENDA PANORAMA', '89096457002280', '13213132131', 'Fazenda Panorama Slc Agricola S.a. Br 020 Km 67 Zona Rural Correntina BA 47650-000', 39),
(498, 'SLC AGRÍCOLA', 'FAZENDA PANORAMA', '89096457002280', '13213132131', 'Fazenda Panorama Slc Agricola S.a. Br 020 Km 67 Zona Rural Correntina BA 47650-000', 39),
(499, 'SLC AGRÍCOLA', 'FAZENDA PANORAMA', '89096457002280', '13213132131', 'Fazenda Panorama Slc Agricola S.a. Br 020 Km 67 Zona Rural Correntina BA 47650-000', 39),
(500, 'SLC AGRÍCOLA', 'FAZENDA PANORAMA', '89096457002280', '13213132131', 'Fazenda Panorama Slc Agricola S.a. Br 020 Km 67 Zona Rural Correntina BA 47650-000', 39),
(501, 'SLC AGRÍCOLA', 'FAZENDA PANORAMA', '89096457002280', '13213132131', 'Fazenda Panorama Slc Agricola S.a. Br 020 Km 67 Zona Rural Correntina BA 47650-000', 39),
(502, 'SLC AGRÍCOLA', 'FAZENDA PANORAMA', '89096457002280', '13213132131', 'Fazenda Panorama Slc Agricola S.a. Br 020 Km 67 Zona Rural Correntina BA 47650-000', 39),
(503, 'SLC AGRÍCOLA', 'FAZENDA PANORAMA', '89096457002280', '13213132131', 'Fazenda Panorama Slc Agricola S.a. Br 020 Km 67 Zona Rural Correntina BA 47650-000', 39),
(504, 'SLC AGRÍCOLA', 'FAZENDA PANORAMA', '89096457002280', '13213132131', 'Fazenda Panorama Slc Agricola S.a. Br 020 Km 67 Zona Rural Correntina BA 47650-000', 39),
(505, 'SLC AGRÍCOLA', 'FAZENDA PANORAMA', '89096457002280', '13213132131', 'Fazenda Panorama Slc Agricola S.a. Br 020 Km 67 Zona Rural Correntina BA 47650-000', 39),
(506, 'SLC AGRÍCOLA', 'FAZENDA PANORAMA', '89096457002280', '13213132131', 'Fazenda Panorama Slc Agricola S.a. Br 020 Km 67 Zona Rural Correntina BA 47650-000', 39),
(507, 'SLC AGRÍCOLA', 'FAZENDA PANORAMA', '89096457002280', '13213132131', 'Fazenda Panorama Slc Agricola S.a. Br 020 Km 67 Zona Rural Correntina BA 47650-000', 39),
(508, 'SLC AGRÍCOLA', 'FAZENDA PANORAMA', '89096457002280', '13213132131', 'Fazenda Panorama Slc Agricola S.a. Br 020 Km 67 Zona Rural Correntina BA 47650-000', 39),
(509, 'SLC AGRÍCOLA', 'FAZENDA PANORAMA', '89096457002280', '13213132131', 'Fazenda Panorama Slc Agricola S.a. Br 020 Km 67 Zona Rural Correntina BA 47650-000', 39),
(510, 'SLC AGRÍCOLA', 'FAZENDA PANORAMA', '89096457002280', '13213132131', 'Fazenda Panorama Slc Agricola S.a. Br 020 Km 67 Zona Rural Correntina BA 47650-000', 39),
(511, 'SLC AGRÍCOLA', 'FAZENDA PANORAMA', '89096457002280', '13213132131', 'Fazenda Panorama Slc Agricola S.a. Br 020 Km 67 Zona Rural Correntina BA 47650-000', 39),
(512, 'SLC AGRÍCOLA', 'FAZENDA PANORAMA', '89096457002280', '13213132131', 'Fazenda Panorama Slc Agricola S.a. Br 020 Km 67 Zona Rural Correntina BA 47650-000', 39),
(513, 'SLC AGRÍCOLA', 'FAZENDA PANORAMA', '89096457002280', '13213132131', 'Fazenda Panorama Slc Agricola S.a. Br 020 Km 67 Zona Rural Correntina BA 47650-000', 39),
(514, 'SLC AGRÍCOLA', 'FAZENDA PANORAMA', '89096457002280', '13213132131', 'Fazenda Panorama Slc Agricola S.a. Br 020 Km 67 Zona Rural Correntina BA 47650-000', 39),
(515, 'SLC AGRÍCOLA', 'FAZENDA PANORAMA', '89096457002280', '13213132131', 'Fazenda Panorama Slc Agricola S.a. Br 020 Km 67 Zona Rural Correntina BA 47650-000', 39),
(516, 'SLC AGRÍCOLA', 'FAZENDA PANORAMA', '89096457002280', '13213132131', 'Fazenda Panorama Slc Agricola S.a. Br 020 Km 67 Zona Rural Correntina BA 47650-000', 39),
(517, 'SLC AGRÍCOLA', 'FAZENDA PANORAMA', '89096457002280', '13213132131', 'Fazenda Panorama Slc Agricola S.a. Br 020 Km 67 Zona Rural Correntina BA 47650-000', 39),
(518, 'SLC AGRÍCOLA', 'FAZENDA PANORAMA', '89096457002280', '13213132131', 'Fazenda Panorama Slc Agricola S.a. Br 020 Km 67 Zona Rural Correntina BA 47650-000', 39),
(519, 'SLC AGRÍCOLA', 'FAZENDA PANORAMA', '89096457002280', '13213132131', 'Fazenda Panorama Slc Agricola S.a. Br 020 Km 67 Zona Rural Correntina BA 47650-000', 39),
(520, 'SLC AGRÍCOLA', 'FAZENDA PANORAMA', '89096457002280', '13213132131', 'Fazenda Panorama Slc Agricola S.a. Br 020 Km 67 Zona Rural Correntina BA 47650-000', 39),
(521, 'SLC AGRÍCOLA', 'FAZENDA PANORAMA', '89096457002280', '13213132131', 'Fazenda Panorama Slc Agricola S.a. Br 020 Km 67 Zona Rural Correntina BA 47650-000', 39),
(522, 'SLC AGRÍCOLA', 'FAZENDA PANORAMA', '89096457002280', '13213132131', 'Fazenda Panorama Slc Agricola S.a. Br 020 Km 67 Zona Rural Correntina BA 47650-000', 39),
(523, 'SLC AGRÍCOLA', 'FAZENDA PANORAMA', '89096457002280', '13213132131', 'Fazenda Panorama Slc Agricola S.a. Br 020 Km 67 Zona Rural Correntina BA 47650-000', 39),
(524, 'SLC AGRÍCOLA', 'FAZENDA PANORAMA', '89096457002280', '13213132131', 'Fazenda Panorama Slc Agricola S.a. Br 020 Km 67 Zona Rural Correntina BA 47650-000', 39),
(525, 'SLC AGRÍCOLA', 'FAZENDA PANORAMA', '89096457002280', '13213132131', 'Fazenda Panorama Slc Agricola S.a. Br 020 Km 67 Zona Rural Correntina BA 47650-000', 39),
(526, 'SLC AGRÍCOLA', 'FAZENDA PANORAMA', '89096457002280', '13213132131', 'Fazenda Panorama Slc Agricola S.a. Br 020 Km 67 Zona Rural Correntina BA 47650-000', 39),
(527, 'SLC AGRÍCOLA', 'FAZENDA PANORAMA', '89096457002280', '13213132131', 'Fazenda Panorama Slc Agricola S.a. Br 020 Km 67 Zona Rural Correntina BA 47650-000', 39),
(528, 'SLC AGRÍCOLA', 'FAZENDA PANORAMA', '89096457002280', '13213132131', 'Fazenda Panorama Slc Agricola S.a. Br 020 Km 67 Zona Rural Correntina BA 47650-000', 39),
(529, 'SLC AGRÍCOLA', 'FAZENDA PANORAMA', '89096457002280', '13213132131', 'Fazenda Panorama Slc Agricola S.a. Br 020 Km 67 Zona Rural Correntina BA 47650-000', 39),
(530, 'SLC AGRÍCOLA', 'FAZENDA PANORAMA', '89096457002280', '13213132131', 'Fazenda Panorama Slc Agricola S.a. Br 020 Km 67 Zona Rural Correntina BA 47650-000', 39),
(531, 'SLC AGRÍCOLA', 'FAZENDA PANORAMA', '89096457002280', '13213132131', 'Fazenda Panorama Slc Agricola S.a. Br 020 Km 67 Zona Rural Correntina BA 47650-000', 39),
(532, 'SLC AGRÍCOLA', 'FAZENDA PANORAMA', '89096457002280', '13213132131', 'Fazenda Panorama Slc Agricola S.a. Br 020 Km 67 Zona Rural Correntina BA 47650-000', 39),
(533, 'SLC AGRÍCOLA', 'FAZENDA PANORAMA', '89096457002280', '13213132131', 'Fazenda Panorama Slc Agricola S.a. Br 020 Km 67 Zona Rural Correntina BA 47650-000', 39),
(534, 'SLC AGRÍCOLA', 'FAZENDA PANORAMA', '89096457002280', '13213132131', 'Fazenda Panorama Slc Agricola S.a. Br 020 Km 67 Zona Rural Correntina BA 47650-000', 39),
(535, 'SLC AGRÍCOLA', 'FAZENDA PANORAMA', '89096457002280', '13213132131', 'Fazenda Panorama Slc Agricola S.a. Br 020 Km 67 Zona Rural Correntina BA 47650-000', 39),
(536, 'SLC AGRÍCOLA', 'FAZENDA PANORAMA', '89096457002280', '13213132131', 'Fazenda Panorama Slc Agricola S.a. Br 020 Km 67 Zona Rural Correntina BA 47650-000', 39),
(537, 'SLC AGRÍCOLA', 'FAZENDA PANORAMA', '89096457002280', '13213132131', 'Fazenda Panorama Slc Agricola S.a. Br 020 Km 67 Zona Rural Correntina BA 47650-000', 39),
(538, 'SLC AGRÍCOLA', 'FAZENDA PANORAMA', '89096457002280', '13213132131', 'Fazenda Panorama Slc Agricola S.a. Br 020 Km 67 Zona Rural Correntina BA 47650-000', 39),
(539, 'SLC AGRÍCOLA', 'FAZENDA PANORAMA', '89096457002280', '13213132131', 'Fazenda Panorama Slc Agricola S.a. Br 020 Km 67 Zona Rural Correntina BA 47650-000', 39),
(540, 'SLC AGRÍCOLA', 'FAZENDA PANORAMA', '89096457002280', '13213132131', 'Fazenda Panorama Slc Agricola S.a. Br 020 Km 67 Zona Rural Correntina BA 47650-000', 39),
(541, 'SLC AGRÍCOLA', 'FAZENDA PANORAMA', '89096457002280', '13213132131', 'Fazenda Panorama Slc Agricola S.a. Br 020 Km 67 Zona Rural Correntina BA 47650-000', 39),
(542, 'SLC AGRÍCOLA', 'FAZENDA PANORAMA', '89096457002280', '13213132131', 'Fazenda Panorama Slc Agricola S.a. Br 020 Km 67 Zona Rural Correntina BA 47650-000', 39),
(543, 'SLC AGRÍCOLA', 'FAZENDA PANORAMA', '89096457002280', '13213132131', 'Fazenda Panorama Slc Agricola S.a. Br 020 Km 67 Zona Rural Correntina BA 47650-000', 39),
(544, 'SLC AGRÍCOLA', 'FAZENDA PANORAMA', '89096457002280', '13213132131', 'Fazenda Panorama Slc Agricola S.a. Br 020 Km 67 Zona Rural Correntina BA 47650-000', 39),
(545, 'SLC AGRÍCOLA', 'FAZENDA PANORAMA', '89096457002280', '13213132131', 'Fazenda Panorama Slc Agricola S.a. Br 020 Km 67 Zona Rural Correntina BA 47650-000', 39),
(546, 'SLC AGRÍCOLA', 'FAZENDA PANORAMA', '89096457002280', '13213132131', 'Fazenda Panorama Slc Agricola S.a. Br 020 Km 67 Zona Rural Correntina BA 47650-000', 39),
(547, 'SLC AGRÍCOLA', 'FAZENDA PANORAMA', '89096457002280', '13213132131', 'Fazenda Panorama Slc Agricola S.a. Br 020 Km 67 Zona Rural Correntina BA 47650-000', 39),
(548, 'SLC AGRÍCOLA', 'FAZENDA PANORAMA', '89096457002280', '13213132131', 'Fazenda Panorama Slc Agricola S.a. Br 020 Km 67 Zona Rural Correntina BA 47650-000', 39),
(549, 'SLC AGRÍCOLA', 'FAZENDA PANORAMA', '89096457002280', '13213132131', 'Fazenda Panorama Slc Agricola S.a. Br 020 Km 67 Zona Rural Correntina BA 47650-000', 39),
(550, 'SLC AGRÍCOLA', 'FAZENDA PANORAMA', '89096457002280', '13213132131', 'Fazenda Panorama Slc Agricola S.a. Br 020 Km 67 Zona Rural Correntina BA 47650-000', 39),
(551, 'SLC AGRÍCOLA', 'FAZENDA PANORAMA', '89096457002280', '13213132131', 'Fazenda Panorama Slc Agricola S.a. Br 020 Km 67 Zona Rural Correntina BA 47650-000', 39),
(552, 'SLC AGRÍCOLA', 'FAZENDA PANORAMA', '89096457002280', '13213132131', 'Fazenda Panorama Slc Agricola S.a. Br 020 Km 67 Zona Rural Correntina BA 47650-000', 39),
(553, 'SLC AGRÍCOLA', 'FAZENDA PANORAMA', '89096457002280', '13213132131', 'Fazenda Panorama Slc Agricola S.a. Br 020 Km 67 Zona Rural Correntina BA 47650-000', 39),
(554, 'SLC AGRÍCOLA', 'FAZENDA PANORAMA', '89096457002280', '13213132131', 'Fazenda Panorama Slc Agricola S.a. Br 020 Km 67 Zona Rural Correntina BA 47650-000', 39),
(555, 'SLC AGRÍCOLA', 'FAZENDA PANORAMA', '89096457002280', '13213132131', 'Fazenda Panorama Slc Agricola S.a. Br 020 Km 67 Zona Rural Correntina BA 47650-000', 39),
(556, 'SLC AGRÍCOLA', 'FAZENDA PANORAMA', '89096457002280', '13213132131', 'Fazenda Panorama Slc Agricola S.a. Br 020 Km 67 Zona Rural Correntina BA 47650-000', 39),
(557, 'SLC AGRÍCOLA', 'FAZENDA PANORAMA', '89096457002280', '13213132131', 'Fazenda Panorama Slc Agricola S.a. Br 020 Km 67 Zona Rural Correntina BA 47650-000', 39),
(558, 'SLC AGRÍCOLA', 'FAZENDA PANORAMA', '89096457002280', '13213132131', 'Fazenda Panorama Slc Agricola S.a. Br 020 Km 67 Zona Rural Correntina BA 47650-000', 39),
(559, 'SLC AGRÍCOLA', 'FAZENDA PANORAMA', '89096457002280', '13213132131', 'Fazenda Panorama Slc Agricola S.a. Br 020 Km 67 Zona Rural Correntina BA 47650-000', 39),
(560, 'SLC AGRÍCOLA', 'FAZENDA PANORAMA', '89096457002280', '13213132131', 'Fazenda Panorama Slc Agricola S.a. Br 020 Km 67 Zona Rural Correntina BA 47650-000', 39),
(561, 'SLC AGRÍCOLA', 'FAZENDA PANORAMA', '89096457002280', '13213132131', 'Fazenda Panorama Slc Agricola S.a. Br 020 Km 67 Zona Rural Correntina BA 47650-000', 39),
(562, 'SLC AGRÍCOLA', 'FAZENDA PANORAMA', '89096457002280', '13213132131', 'Fazenda Panorama Slc Agricola S.a. Br 020 Km 67 Zona Rural Correntina BA 47650-000', 39),
(563, 'SLC AGRÍCOLA', 'FAZENDA PANORAMA', '89096457002280', '13213132131', 'Fazenda Panorama Slc Agricola S.a. Br 020 Km 67 Zona Rural Correntina BA 47650-000', 39),
(564, 'SLC AGRÍCOLA', 'FAZENDA PANORAMA', '89096457002280', '13213132131', 'Fazenda Panorama Slc Agricola S.a. Br 020 Km 67 Zona Rural Correntina BA 47650-000', 39),
(565, 'SLC AGRÍCOLA', 'FAZENDA PANORAMA', '89096457002280', '13213132131', 'Fazenda Panorama Slc Agricola S.a. Br 020 Km 67 Zona Rural Correntina BA 47650-000', 39),
(566, 'SLC AGRÍCOLA', 'FAZENDA PANORAMA', '89096457002280', '13213132131', 'Fazenda Panorama Slc Agricola S.a. Br 020 Km 67 Zona Rural Correntina BA 47650-000', 39),
(567, 'SLC AGRÍCOLA', 'FAZENDA PANORAMA', '89096457002280', '13213132131', 'Fazenda Panorama Slc Agricola S.a. Br 020 Km 67 Zona Rural Correntina BA 47650-000', 39),
(568, 'SLC AGRÍCOLA', 'FAZENDA PANORAMA', '89096457002280', '13213132131', 'Fazenda Panorama Slc Agricola S.a. Br 020 Km 67 Zona Rural Correntina BA 47650-000', 39),
(569, 'SLC AGRÍCOLA', 'FAZENDA PANORAMA', '89096457002280', '13213132131', 'Fazenda Panorama Slc Agricola S.a. Br 020 Km 67 Zona Rural Correntina BA 47650-000', 39),
(570, 'SLC AGRÍCOLA', 'FAZENDA PANORAMA', '89096457002280', '13213132131', 'Fazenda Panorama Slc Agricola S.a. Br 020 Km 67 Zona Rural Correntina BA 47650-000', 39),
(571, 'SLC AGRÍCOLA', 'FAZENDA PANORAMA', '89096457002280', '13213132131', 'Fazenda Panorama Slc Agricola S.a. Br 020 Km 67 Zona Rural Correntina BA 47650-000', 39),
(572, 'SLC AGRÍCOLA', 'FAZENDA PANORAMA', '89096457002280', '13213132131', 'Fazenda Panorama Slc Agricola S.a. Br 020 Km 67 Zona Rural Correntina BA 47650-000', 39),
(573, 'SLC AGRÍCOLA', 'FAZENDA PANORAMA', '89096457002280', '13213132131', 'Fazenda Panorama Slc Agricola S.a. Br 020 Km 67 Zona Rural Correntina BA 47650-000', 39),
(574, 'SLC AGRÍCOLA', 'FAZENDA PANORAMA', '89096457002280', '13213132131', 'Fazenda Panorama Slc Agricola S.a. Br 020 Km 67 Zona Rural Correntina BA 47650-000', 39),
(575, 'SLC AGRÍCOLA', 'FAZENDA PANORAMA', '89096457002280', '13213132131', 'Fazenda Panorama Slc Agricola S.a. Br 020 Km 67 Zona Rural Correntina BA 47650-000', 39),
(576, 'SLC AGRÍCOLA', 'FAZENDA PANORAMA', '89096457002280', '13213132131', 'Fazenda Panorama Slc Agricola S.a. Br 020 Km 67 Zona Rural Correntina BA 47650-000', 39),
(577, 'SLC AGRÍCOLA', 'FAZENDA PANORAMA', '89096457002280', '13213132131', 'Fazenda Panorama Slc Agricola S.a. Br 020 Km 67 Zona Rural Correntina BA 47650-000', 39),
(578, 'SLC AGRÍCOLA', 'FAZENDA PANORAMA', '89096457002280', '13213132131', 'Fazenda Panorama Slc Agricola S.a. Br 020 Km 67 Zona Rural Correntina BA 47650-000', 39),
(579, 'SLC AGRÍCOLA', 'FAZENDA PANORAMA', '89096457002280', '13213132131', 'Fazenda Panorama Slc Agricola S.a. Br 020 Km 67 Zona Rural Correntina BA 47650-000', 39),
(580, 'SLC AGRÍCOLA', 'FAZENDA PANORAMA', '89096457002280', '13213132131', 'Fazenda Panorama Slc Agricola S.a. Br 020 Km 67 Zona Rural Correntina BA 47650-000', 39),
(581, 'SLC AGRÍCOLA', 'FAZENDA PANORAMA', '89096457002280', '13213132131', 'Fazenda Panorama Slc Agricola S.a. Br 020 Km 67 Zona Rural Correntina BA 47650-000', 39),
(582, 'SLC AGRÍCOLA', 'FAZENDA PANORAMA', '89096457002280', '13213132131', 'Fazenda Panorama Slc Agricola S.a. Br 020 Km 67 Zona Rural Correntina BA 47650-000', 39),
(583, 'SLC AGRÍCOLA', 'FAZENDA PANORAMA', '89096457002280', '13213132131', 'Fazenda Panorama Slc Agricola S.a. Br 020 Km 67 Zona Rural Correntina BA 47650-000', 39),
(584, 'SLC AGRÍCOLA', 'FAZENDA PANORAMA', '89096457002280', '13213132131', 'Fazenda Panorama Slc Agricola S.a. Br 020 Km 67 Zona Rural Correntina BA 47650-000', 39),
(585, 'SLC AGRÍCOLA', 'FAZENDA PANORAMA', '89096457002280', '13213132131', 'Fazenda Panorama Slc Agricola S.a. Br 020 Km 67 Zona Rural Correntina BA 47650-000', 39),
(586, 'SLC AGRÍCOLA', 'FAZENDA PANORAMA', '89096457002280', '13213132131', 'Fazenda Panorama Slc Agricola S.a. Br 020 Km 67 Zona Rural Correntina BA 47650-000', 39),
(587, 'SLC AGRÍCOLA', 'FAZENDA PANORAMA', '89096457002280', '13213132131', 'Fazenda Panorama Slc Agricola S.a. Br 020 Km 67 Zona Rural Correntina BA 47650-000', 39),
(588, 'SLC AGRÍCOLA', 'FAZENDA PANORAMA', '89096457002280', '13213132131', 'Fazenda Panorama Slc Agricola S.a. Br 020 Km 67 Zona Rural Correntina BA 47650-000', 39),
(589, 'SLC AGRÍCOLA', 'FAZENDA PANORAMA', '89096457002280', '13213132131', 'Fazenda Panorama Slc Agricola S.a. Br 020 Km 67 Zona Rural Correntina BA 47650-000', 39),
(590, 'SLC AGRÍCOLA', 'FAZENDA PANORAMA', '89096457002280', '13213132131', 'Fazenda Panorama Slc Agricola S.a. Br 020 Km 67 Zona Rural Correntina BA 47650-000', 39),
(591, 'SLC AGRÍCOLA', 'FAZENDA PANORAMA', '89096457002280', '13213132131', 'Fazenda Panorama Slc Agricola S.a. Br 020 Km 67 Zona Rural Correntina BA 47650-000', 39),
(592, 'SLC AGRÍCOLA', 'FAZENDA PANORAMA', '89096457002280', '13213132131', 'Fazenda Panorama Slc Agricola S.a. Br 020 Km 67 Zona Rural Correntina BA 47650-000', 39),
(593, 'SLC AGRÍCOLA', 'FAZENDA PANORAMA', '89096457002280', '13213132131', 'Fazenda Panorama Slc Agricola S.a. Br 020 Km 67 Zona Rural Correntina BA 47650-000', 39),
(594, 'SLC AGRÍCOLA', 'FAZENDA PANORAMA', '89096457002280', '13213132131', 'Fazenda Panorama Slc Agricola S.a. Br 020 Km 67 Zona Rural Correntina BA 47650-000', 39),
(595, 'SLC AGRÍCOLA', 'FAZENDA PANORAMA', '89096457002280', '13213132131', 'Fazenda Panorama Slc Agricola S.a. Br 020 Km 67 Zona Rural Correntina BA 47650-000', 39),
(596, 'SLC AGRÍCOLA', 'FAZENDA PANORAMA', '89096457002280', '13213132131', 'Fazenda Panorama Slc Agricola S.a. Br 020 Km 67 Zona Rural Correntina BA 47650-000', 39),
(597, 'SLC AGRÍCOLA', 'FAZENDA PANORAMA', '89096457002280', '13213132131', 'Fazenda Panorama Slc Agricola S.a. Br 020 Km 67 Zona Rural Correntina BA 47650-000', 39),
(598, 'SLC AGRÍCOLA', 'FAZENDA PANORAMA', '89096457002280', '13213132131', 'Fazenda Panorama Slc Agricola S.a. Br 020 Km 67 Zona Rural Correntina BA 47650-000', 39),
(599, 'SLC AGRÍCOLA', 'FAZENDA PANORAMA', '89096457002280', '13213132131', 'Fazenda Panorama Slc Agricola S.a. Br 020 Km 67 Zona Rural Correntina BA 47650-000', 39),
(600, 'SLC AGRÍCOLA', 'FAZENDA PANORAMA', '89096457002280', '13213132131', 'Fazenda Panorama Slc Agricola S.a. Br 020 Km 67 Zona Rural Correntina BA 47650-000', 39),
(601, 'SLC AGRÍCOLA', 'FAZENDA PANORAMA', '89096457002280', '13213132131', 'Fazenda Panorama Slc Agricola S.a. Br 020 Km 67 Zona Rural Correntina BA 47650-000', 39),
(602, 'SLC AGRÍCOLA', 'FAZENDA PANORAMA', '89096457002280', '13213132131', 'Fazenda Panorama Slc Agricola S.a. Br 020 Km 67 Zona Rural Correntina BA 47650-000', 39),
(603, 'SLC AGRÍCOLA', 'FAZENDA PANORAMA', '89096457002280', '13213132131', 'Fazenda Panorama Slc Agricola S.a. Br 020 Km 67 Zona Rural Correntina BA 47650-000', 39),
(604, 'SLC AGRÍCOLA', 'FAZENDA PANORAMA', '89096457002280', '13213132131', 'Fazenda Panorama Slc Agricola S.a. Br 020 Km 67 Zona Rural Correntina BA 47650-000', 39),
(605, 'SLC AGRÍCOLA', 'FAZENDA PANORAMA', '89096457002280', '13213132131', 'Fazenda Panorama Slc Agricola S.a. Br 020 Km 67 Zona Rural Correntina BA 47650-000', 39),
(606, 'SLC AGRÍCOLA', 'FAZENDA PANORAMA', '89096457002280', '13213132131', 'Fazenda Panorama Slc Agricola S.a. Br 020 Km 67 Zona Rural Correntina BA 47650-000', 39),
(607, 'SLC AGRÍCOLA', 'FAZENDA PANORAMA', '89096457002280', '13213132131', 'Fazenda Panorama Slc Agricola S.a. Br 020 Km 67 Zona Rural Correntina BA 47650-000', 39),
(608, 'SLC AGRÍCOLA', 'FAZENDA PANORAMA', '89096457002280', '13213132131', 'Fazenda Panorama Slc Agricola S.a. Br 020 Km 67 Zona Rural Correntina BA 47650-000', 39),
(609, 'SLC AGRÍCOLA', 'FAZENDA PANORAMA', '89096457002280', '13213132131', 'Fazenda Panorama Slc Agricola S.a. Br 020 Km 67 Zona Rural Correntina BA 47650-000', 39),
(610, 'SLC AGRÍCOLA', 'FAZENDA PANORAMA', '89096457002280', '13213132131', 'Fazenda Panorama Slc Agricola S.a. Br 020 Km 67 Zona Rural Correntina BA 47650-000', 39),
(611, 'SLC AGRÍCOLA', 'FAZENDA PANORAMA', '89096457002280', '13213132131', 'Fazenda Panorama Slc Agricola S.a. Br 020 Km 67 Zona Rural Correntina BA 47650-000', 39),
(612, 'SLC AGRÍCOLA', 'FAZENDA PANORAMA', '89096457002280', '13213132131', 'Fazenda Panorama Slc Agricola S.a. Br 020 Km 67 Zona Rural Correntina BA 47650-000', 39),
(613, 'SLC AGRÍCOLA', 'FAZENDA PANORAMA', '89096457002280', '13213132131', 'Fazenda Panorama Slc Agricola S.a. Br 020 Km 67 Zona Rural Correntina BA 47650-000', 39),
(614, 'SLC AGRÍCOLA', 'FAZENDA PANORAMA', '89096457002280', '13213132131', 'Fazenda Panorama Slc Agricola S.a. Br 020 Km 67 Zona Rural Correntina BA 47650-000', 39),
(615, 'SLC AGRÍCOLA', 'FAZENDA PANORAMA', '89096457002280', '13213132131', 'Fazenda Panorama Slc Agricola S.a. Br 020 Km 67 Zona Rural Correntina BA 47650-000', 39),
(616, 'SLC AGRÍCOLA', 'FAZENDA PANORAMA', '89096457002280', '13213132131', 'Fazenda Panorama Slc Agricola S.a. Br 020 Km 67 Zona Rural Correntina BA 47650-000', 39),
(617, 'SLC AGRÍCOLA', 'FAZENDA PANORAMA', '89096457002280', '13213132131', 'Fazenda Panorama Slc Agricola S.a. Br 020 Km 67 Zona Rural Correntina BA 47650-000', 39),
(618, 'SLC AGRÍCOLA', 'FAZENDA PANORAMA', '89096457002280', '13213132131', 'Fazenda Panorama Slc Agricola S.a. Br 020 Km 67 Zona Rural Correntina BA 47650-000', 39),
(619, 'SLC AGRÍCOLA', 'FAZENDA PANORAMA', '89096457002280', '13213132131', 'Fazenda Panorama Slc Agricola S.a. Br 020 Km 67 Zona Rural Correntina BA 47650-000', 39),
(620, 'SLC AGRÍCOLA', 'FAZENDA PANORAMA', '89096457002280', '13213132131', 'Fazenda Panorama Slc Agricola S.a. Br 020 Km 67 Zona Rural Correntina BA 47650-000', 39),
(621, 'SLC AGRÍCOLA', 'FAZENDA PANORAMA', '89096457002280', '13213132131', 'Fazenda Panorama Slc Agricola S.a. Br 020 Km 67 Zona Rural Correntina BA 47650-000', 39),
(622, 'SLC AGRÍCOLA', 'FAZENDA PANORAMA', '89096457002280', '13213132131', 'Fazenda Panorama Slc Agricola S.a. Br 020 Km 67 Zona Rural Correntina BA 47650-000', 39),
(623, 'SLC AGRÍCOLA', 'FAZENDA PANORAMA', '89096457002280', '13213132131', 'Fazenda Panorama Slc Agricola S.a. Br 020 Km 67 Zona Rural Correntina BA 47650-000', 39),
(624, 'SLC AGRÍCOLA', 'FAZENDA PANORAMA', '89096457002280', '13213132131', 'Fazenda Panorama Slc Agricola S.a. Br 020 Km 67 Zona Rural Correntina BA 47650-000', 39),
(625, 'SLC AGRÍCOLA', 'FAZENDA PANORAMA', '89096457002280', '13213132131', 'Fazenda Panorama Slc Agricola S.a. Br 020 Km 67 Zona Rural Correntina BA 47650-000', 39),
(626, 'SLC AGRÍCOLA', 'FAZENDA PANORAMA', '89096457002280', '13213132131', 'Fazenda Panorama Slc Agricola S.a. Br 020 Km 67 Zona Rural Correntina BA 47650-000', 39),
(627, 'SLC AGRÍCOLA', 'FAZENDA PANORAMA', '89096457002280', '13213132131', 'Fazenda Panorama Slc Agricola S.a. Br 020 Km 67 Zona Rural Correntina BA 47650-000', 39),
(628, 'SLC AGRÍCOLA', 'FAZENDA PANORAMA', '89096457002280', '13213132131', 'Fazenda Panorama Slc Agricola S.a. Br 020 Km 67 Zona Rural Correntina BA 47650-000', 39),
(629, 'SLC AGRÍCOLA', 'FAZENDA PANORAMA', '89096457002280', '13213132131', 'Fazenda Panorama Slc Agricola S.a. Br 020 Km 67 Zona Rural Correntina BA 47650-000', 39),
(630, 'SLC AGRÍCOLA', 'FAZENDA PANORAMA', '89096457002280', '13213132131', 'Fazenda Panorama Slc Agricola S.a. Br 020 Km 67 Zona Rural Correntina BA 47650-000', 39),
(631, 'SLC AGRÍCOLA', 'FAZENDA PANORAMA', '89096457002280', '13213132131', 'Fazenda Panorama Slc Agricola S.a. Br 020 Km 67 Zona Rural Correntina BA 47650-000', 39),
(632, 'SLC AGRÍCOLA', 'FAZENDA PANORAMA', '89096457002280', '13213132131', 'Fazenda Panorama Slc Agricola S.a. Br 020 Km 67 Zona Rural Correntina BA 47650-000', 39),
(633, 'SLC AGRÍCOLA', 'FAZENDA PANORAMA', '89096457002280', '13213132131', 'Fazenda Panorama Slc Agricola S.a. Br 020 Km 67 Zona Rural Correntina BA 47650-000', 39),
(634, 'SLC AGRÍCOLA', 'FAZENDA PANORAMA', '89096457002280', '13213132131', 'Fazenda Panorama Slc Agricola S.a. Br 020 Km 67 Zona Rural Correntina BA 47650-000', 39),
(635, 'SLC AGRÍCOLA', 'FAZENDA PANORAMA', '89096457002280', '13213132131', 'Fazenda Panorama Slc Agricola S.a. Br 020 Km 67 Zona Rural Correntina BA 47650-000', 39),
(636, 'SLC AGRÍCOLA', 'FAZENDA PANORAMA', '89096457002280', '13213132131', 'Fazenda Panorama Slc Agricola S.a. Br 020 Km 67 Zona Rural Correntina BA 47650-000', 39),
(637, 'SLC AGRÍCOLA', 'FAZENDA PANORAMA', '89096457002280', '13213132131', 'Fazenda Panorama Slc Agricola S.a. Br 020 Km 67 Zona Rural Correntina BA 47650-000', 39),
(638, 'SLC AGRÍCOLA', 'FAZENDA PANORAMA', '89096457002280', '13213132131', 'Fazenda Panorama Slc Agricola S.a. Br 020 Km 67 Zona Rural Correntina BA 47650-000', 39),
(639, 'SLC AGRÍCOLA', 'FAZENDA PANORAMA', '89096457002280', '13213132131', 'Fazenda Panorama Slc Agricola S.a. Br 020 Km 67 Zona Rural Correntina BA 47650-000', 39),
(640, 'SLC AGRÍCOLA', 'FAZENDA PANORAMA', '89096457002280', '13213132131', 'Fazenda Panorama Slc Agricola S.a. Br 020 Km 67 Zona Rural Correntina BA 47650-000', 39),
(641, 'SLC AGRÍCOLA', 'FAZENDA PANORAMA', '89096457002280', '13213132131', 'Fazenda Panorama Slc Agricola S.a. Br 020 Km 67 Zona Rural Correntina BA 47650-000', 39),
(642, 'SLC AGRÍCOLA', 'FAZENDA PANORAMA', '89096457002280', '13213132131', 'Fazenda Panorama Slc Agricola S.a. Br 020 Km 67 Zona Rural Correntina BA 47650-000', 39),
(643, 'SLC AGRÍCOLA', 'FAZENDA PANORAMA', '89096457002280', '13213132131', 'Fazenda Panorama Slc Agricola S.a. Br 020 Km 67 Zona Rural Correntina BA 47650-000', 39),
(644, 'SLC AGRÍCOLA', 'FAZENDA PANORAMA', '89096457002280', '13213132131', 'Fazenda Panorama Slc Agricola S.a. Br 020 Km 67 Zona Rural Correntina BA 47650-000', 39),
(645, 'SLC AGRÍCOLA', 'FAZENDA PANORAMA', '89096457002280', '13213132131', 'Fazenda Panorama Slc Agricola S.a. Br 020 Km 67 Zona Rural Correntina BA 47650-000', 39),
(646, 'SLC AGRÍCOLA', 'FAZENDA PANORAMA', '89096457002280', '13213132131', 'Fazenda Panorama Slc Agricola S.a. Br 020 Km 67 Zona Rural Correntina BA 47650-000', 39),
(647, 'SLC AGRÍCOLA', 'FAZENDA PANORAMA', '89096457002280', '13213132131', 'Fazenda Panorama Slc Agricola S.a. Br 020 Km 67 Zona Rural Correntina BA 47650-000', 39),
(648, 'SLC AGRÍCOLA', 'FAZENDA PANORAMA', '89096457002280', '13213132131', 'Fazenda Panorama Slc Agricola S.a. Br 020 Km 67 Zona Rural Correntina BA 47650-000', 39),
(649, 'SLC AGRÍCOLA', 'FAZENDA PANORAMA', '89096457002280', '13213132131', 'Fazenda Panorama Slc Agricola S.a. Br 020 Km 67 Zona Rural Correntina BA 47650-000', 39),
(650, 'SLC AGRÍCOLA', 'FAZENDA PANORAMA', '89096457002280', '13213132131', 'Fazenda Panorama Slc Agricola S.a. Br 020 Km 67 Zona Rural Correntina BA 47650-000', 39),
(651, 'SLC AGRÍCOLA', 'FAZENDA PANORAMA', '89096457002280', '13213132131', 'Fazenda Panorama Slc Agricola S.a. Br 020 Km 67 Zona Rural Correntina BA 47650-000', 39),
(652, 'SLC AGRÍCOLA', 'FAZENDA PANORAMA', '89096457002280', '13213132131', 'Fazenda Panorama Slc Agricola S.a. Br 020 Km 67 Zona Rural Correntina BA 47650-000', 39),
(653, 'SLC AGRÍCOLA', 'FAZENDA PANORAMA', '89096457002280', '13213132131', 'Fazenda Panorama Slc Agricola S.a. Br 020 Km 67 Zona Rural Correntina BA 47650-000', 39),
(654, 'SLC AGRÍCOLA', 'FAZENDA PANORAMA', '89096457002280', '13213132131', 'Fazenda Panorama Slc Agricola S.a. Br 020 Km 67 Zona Rural Correntina BA 47650-000', 39),
(655, 'SLC AGRÍCOLA', 'FAZENDA PANORAMA', '89096457002280', '13213132131', 'Fazenda Panorama Slc Agricola S.a. Br 020 Km 67 Zona Rural Correntina BA 47650-000', 39),
(656, 'SLC AGRÍCOLA', 'FAZENDA PANORAMA', '89096457002280', '13213132131', 'Fazenda Panorama Slc Agricola S.a. Br 020 Km 67 Zona Rural Correntina BA 47650-000', 39),
(657, 'SLC AGRÍCOLA', 'FAZENDA PANORAMA', '89096457002280', '13213132131', 'Fazenda Panorama Slc Agricola S.a. Br 020 Km 67 Zona Rural Correntina BA 47650-000', 39),
(658, 'SLC AGRÍCOLA', 'FAZENDA PANORAMA', '89096457002280', '13213132131', 'Fazenda Panorama Slc Agricola S.a. Br 020 Km 67 Zona Rural Correntina BA 47650-000', 39),
(659, 'SLC AGRÍCOLA', 'FAZENDA PANORAMA', '89096457002280', '13213132131', 'Fazenda Panorama Slc Agricola S.a. Br 020 Km 67 Zona Rural Correntina BA 47650-000', 39),
(660, 'SLC AGRÍCOLA', 'FAZENDA PANORAMA', '89096457002280', '13213132131', 'Fazenda Panorama Slc Agricola S.a. Br 020 Km 67 Zona Rural Correntina BA 47650-000', 39),
(661, 'SLC AGRÍCOLA', 'FAZENDA PANORAMA', '89096457002280', '13213132131', 'Fazenda Panorama Slc Agricola S.a. Br 020 Km 67 Zona Rural Correntina BA 47650-000', 39),
(662, 'SLC AGRÍCOLA', 'FAZENDA PANORAMA', '89096457002280', '13213132131', 'Fazenda Panorama Slc Agricola S.a. Br 020 Km 67 Zona Rural Correntina BA 47650-000', 39),
(663, 'SLC AGRÍCOLA', 'FAZENDA PANORAMA', '89096457002280', '13213132131', 'Fazenda Panorama Slc Agricola S.a. Br 020 Km 67 Zona Rural Correntina BA 47650-000', 39),
(664, 'SLC AGRÍCOLA', 'FAZENDA PANORAMA', '89096457002280', '13213132131', 'Fazenda Panorama Slc Agricola S.a. Br 020 Km 67 Zona Rural Correntina BA 47650-000', 39),
(665, 'SLC AGRÍCOLA', 'FAZENDA PANORAMA', '89096457002280', '13213132131', 'Fazenda Panorama Slc Agricola S.a. Br 020 Km 67 Zona Rural Correntina BA 47650-000', 39),
(666, 'SLC AGRÍCOLA', 'FAZENDA PANORAMA', '89096457002280', '13213132131', 'Fazenda Panorama Slc Agricola S.a. Br 020 Km 67 Zona Rural Correntina BA 47650-000', 39),
(667, 'SLC AGRÍCOLA', 'FAZENDA PANORAMA', '89096457002280', '13213132131', 'Fazenda Panorama Slc Agricola S.a. Br 020 Km 67 Zona Rural Correntina BA 47650-000', 39),
(668, 'SLC AGRÍCOLA', 'FAZENDA PANORAMA', '89096457002280', '13213132131', 'Fazenda Panorama Slc Agricola S.a. Br 020 Km 67 Zona Rural Correntina BA 47650-000', 39),
(669, 'SLC AGRÍCOLA', 'FAZENDA PANORAMA', '89096457002280', '13213132131', 'Fazenda Panorama Slc Agricola S.a. Br 020 Km 67 Zona Rural Correntina BA 47650-000', 39),
(670, 'SLC AGRÍCOLA', 'FAZENDA PANORAMA', '89096457002280', '13213132131', 'Fazenda Panorama Slc Agricola S.a. Br 020 Km 67 Zona Rural Correntina BA 47650-000', 39),
(671, 'SLC AGRÍCOLA', 'FAZENDA PANORAMA', '89096457002280', '13213132131', 'Fazenda Panorama Slc Agricola S.a. Br 020 Km 67 Zona Rural Correntina BA 47650-000', 39),
(672, 'SLC AGRÍCOLA', 'FAZENDA PANORAMA', '89096457002280', '13213132131', 'Fazenda Panorama Slc Agricola S.a. Br 020 Km 67 Zona Rural Correntina BA 47650-000', 39),
(673, 'SLC AGRÍCOLA', 'FAZENDA PANORAMA', '89096457002280', '13213132131', 'Fazenda Panorama Slc Agricola S.a. Br 020 Km 67 Zona Rural Correntina BA 47650-000', 39),
(674, 'SLC AGRÍCOLA', 'FAZENDA PANORAMA', '89096457002280', '13213132131', 'Fazenda Panorama Slc Agricola S.a. Br 020 Km 67 Zona Rural Correntina BA 47650-000', 39),
(675, 'SLC AGRÍCOLA', 'FAZENDA PANORAMA', '89096457002280', '13213132131', 'Fazenda Panorama Slc Agricola S.a. Br 020 Km 67 Zona Rural Correntina BA 47650-000', 39),
(676, 'SLC AGRÍCOLA', 'FAZENDA PANORAMA', '89096457002280', '13213132131', 'Fazenda Panorama Slc Agricola S.a. Br 020 Km 67 Zona Rural Correntina BA 47650-000', 39),
(677, 'SLC AGRÍCOLA', 'FAZENDA PANORAMA', '89096457002280', '13213132131', 'Fazenda Panorama Slc Agricola S.a. Br 020 Km 67 Zona Rural Correntina BA 47650-000', 39),
(678, 'SLC AGRÍCOLA', 'FAZENDA PANORAMA', '89096457002280', '13213132131', 'Fazenda Panorama Slc Agricola S.a. Br 020 Km 67 Zona Rural Correntina BA 47650-000', 39),
(679, 'SLC AGRÍCOLA', 'FAZENDA PANORAMA', '89096457002280', '13213132131', 'Fazenda Panorama Slc Agricola S.a. Br 020 Km 67 Zona Rural Correntina BA 47650-000', 39),
(680, 'SLC AGRÍCOLA', 'FAZENDA PANORAMA', '89096457002280', '13213132131', 'Fazenda Panorama Slc Agricola S.a. Br 020 Km 67 Zona Rural Correntina BA 47650-000', 39),
(681, 'SLC AGRÍCOLA', 'FAZENDA PANORAMA', '89096457002280', '13213132131', 'Fazenda Panorama Slc Agricola S.a. Br 020 Km 67 Zona Rural Correntina BA 47650-000', 39),
(682, 'SLC AGRÍCOLA', 'FAZENDA PANORAMA', '89096457002280', '13213132131', 'Fazenda Panorama Slc Agricola S.a. Br 020 Km 67 Zona Rural Correntina BA 47650-000', 39),
(683, 'SLC AGRÍCOLA', 'FAZENDA PANORAMA', '89096457002280', '13213132131', 'Fazenda Panorama Slc Agricola S.a. Br 020 Km 67 Zona Rural Correntina BA 47650-000', 39),
(684, 'SLC AGRÍCOLA', 'FAZENDA PANORAMA', '89096457002280', '13213132131', 'Fazenda Panorama Slc Agricola S.a. Br 020 Km 67 Zona Rural Correntina BA 47650-000', 39),
(685, 'SLC AGRÍCOLA', 'FAZENDA PANORAMA', '89096457002280', '13213132131', 'Fazenda Panorama Slc Agricola S.a. Br 020 Km 67 Zona Rural Correntina BA 47650-000', 39),
(686, 'SLC AGRÍCOLA', 'FAZENDA PANORAMA', '89096457002280', '13213132131', 'Fazenda Panorama Slc Agricola S.a. Br 020 Km 67 Zona Rural Correntina BA 47650-000', 39),
(687, 'SLC AGRÍCOLA', 'FAZENDA PANORAMA', '89096457002280', '13213132131', 'Fazenda Panorama Slc Agricola S.a. Br 020 Km 67 Zona Rural Correntina BA 47650-000', 39),
(688, 'SLC AGRÍCOLA', 'FAZENDA PANORAMA', '89096457002280', '13213132131', 'Fazenda Panorama Slc Agricola S.a. Br 020 Km 67 Zona Rural Correntina BA 47650-000', 39),
(689, 'SLC AGRÍCOLA', 'FAZENDA PANORAMA', '89096457002280', '13213132131', 'Fazenda Panorama Slc Agricola S.a. Br 020 Km 67 Zona Rural Correntina BA 47650-000', 39),
(690, 'SLC AGRÍCOLA', 'FAZENDA PANORAMA', '89096457002280', '13213132131', 'Fazenda Panorama Slc Agricola S.a. Br 020 Km 67 Zona Rural Correntina BA 47650-000', 39),
(691, 'SLC AGRÍCOLA', 'FAZENDA PANORAMA', '89096457002280', '13213132131', 'Fazenda Panorama Slc Agricola S.a. Br 020 Km 67 Zona Rural Correntina BA 47650-000', 39),
(692, 'SLC AGRÍCOLA', 'FAZENDA PANORAMA', '89096457002280', '13213132131', 'Fazenda Panorama Slc Agricola S.a. Br 020 Km 67 Zona Rural Correntina BA 47650-000', 39),
(693, 'SLC AGRÍCOLA', 'FAZENDA PANORAMA', '89096457002280', '13213132131', 'Fazenda Panorama Slc Agricola S.a. Br 020 Km 67 Zona Rural Correntina BA 47650-000', 39),
(694, 'SLC AGRÍCOLA', 'FAZENDA PANORAMA', '89096457002280', '13213132131', 'Fazenda Panorama Slc Agricola S.a. Br 020 Km 67 Zona Rural Correntina BA 47650-000', 39),
(695, 'SLC AGRÍCOLA', 'FAZENDA PANORAMA', '89096457002280', '13213132131', 'Fazenda Panorama Slc Agricola S.a. Br 020 Km 67 Zona Rural Correntina BA 47650-000', 39),
(696, 'SLC AGRÍCOLA', 'FAZENDA PANORAMA', '89096457002280', '13213132131', 'Fazenda Panorama Slc Agricola S.a. Br 020 Km 67 Zona Rural Correntina BA 47650-000', 39),
(697, 'SLC AGRÍCOLA', 'FAZENDA PANORAMA', '89096457002280', '13213132131', 'Fazenda Panorama Slc Agricola S.a. Br 020 Km 67 Zona Rural Correntina BA 47650-000', 39),
(698, 'SLC AGRÍCOLA', 'FAZENDA PANORAMA', '89096457002280', '13213132131', 'Fazenda Panorama Slc Agricola S.a. Br 020 Km 67 Zona Rural Correntina BA 47650-000', 39),
(699, 'SLC AGRÍCOLA', 'FAZENDA PANORAMA', '89096457002280', '13213132131', 'Fazenda Panorama Slc Agricola S.a. Br 020 Km 67 Zona Rural Correntina BA 47650-000', 39),
(700, 'SLC AGRÍCOLA', 'FAZENDA PANORAMA', '89096457002280', '13213132131', 'Fazenda Panorama Slc Agricola S.a. Br 020 Km 67 Zona Rural Correntina BA 47650-000', 39),
(701, 'SLC AGRÍCOLA', 'FAZENDA PANORAMA', '89096457002280', '13213132131', 'Fazenda Panorama Slc Agricola S.a. Br 020 Km 67 Zona Rural Correntina BA 47650-000', 39),
(702, 'SLC AGRÍCOLA', 'FAZENDA PANORAMA', '89096457002280', '13213132131', 'Fazenda Panorama Slc Agricola S.a. Br 020 Km 67 Zona Rural Correntina BA 47650-000', 39),
(703, 'SLC AGRÍCOLA', 'FAZENDA PANORAMA', '89096457002280', '13213132131', 'Fazenda Panorama Slc Agricola S.a. Br 020 Km 67 Zona Rural Correntina BA 47650-000', 39),
(704, 'SLC AGRÍCOLA', 'FAZENDA PANORAMA', '89096457002280', '13213132131', 'Fazenda Panorama Slc Agricola S.a. Br 020 Km 67 Zona Rural Correntina BA 47650-000', 39),
(705, 'SLC AGRÍCOLA', 'FAZENDA PANORAMA', '89096457002280', '13213132131', 'Fazenda Panorama Slc Agricola S.a. Br 020 Km 67 Zona Rural Correntina BA 47650-000', 39),
(706, 'SLC AGRÍCOLA', 'FAZENDA PANORAMA', '89096457002280', '13213132131', 'Fazenda Panorama Slc Agricola S.a. Br 020 Km 67 Zona Rural Correntina BA 47650-000', 39),
(707, 'SLC AGRÍCOLA', 'FAZENDA PANORAMA', '89096457002280', '13213132131', 'Fazenda Panorama Slc Agricola S.a. Br 020 Km 67 Zona Rural Correntina BA 47650-000', 39),
(708, 'SLC AGRÍCOLA', 'FAZENDA PANORAMA', '89096457002280', '13213132131', 'Fazenda Panorama Slc Agricola S.a. Br 020 Km 67 Zona Rural Correntina BA 47650-000', 39),
(709, 'SLC AGRÍCOLA', 'FAZENDA PANORAMA', '89096457002280', '13213132131', 'Fazenda Panorama Slc Agricola S.a. Br 020 Km 67 Zona Rural Correntina BA 47650-000', 39),
(710, 'SLC AGRÍCOLA', 'FAZENDA PANORAMA', '89096457002280', '13213132131', 'Fazenda Panorama Slc Agricola S.a. Br 020 Km 67 Zona Rural Correntina BA 47650-000', 39),
(711, 'SLC AGRÍCOLA', 'FAZENDA PANORAMA', '89096457002280', '13213132131', 'Fazenda Panorama Slc Agricola S.a. Br 020 Km 67 Zona Rural Correntina BA 47650-000', 39),
(712, 'SLC AGRÍCOLA', 'FAZENDA PANORAMA', '89096457002280', '13213132131', 'Fazenda Panorama Slc Agricola S.a. Br 020 Km 67 Zona Rural Correntina BA 47650-000', 39),
(713, 'SLC AGRÍCOLA', 'FAZENDA PANORAMA', '89096457002280', '13213132131', 'Fazenda Panorama Slc Agricola S.a. Br 020 Km 67 Zona Rural Correntina BA 47650-000', 39),
(714, 'SLC AGRÍCOLA', 'FAZENDA PANORAMA', '89096457002280', '13213132131', 'Fazenda Panorama Slc Agricola S.a. Br 020 Km 67 Zona Rural Correntina BA 47650-000', 39),
(715, 'SLC AGRÍCOLA', 'FAZENDA PANORAMA', '89096457002280', '13213132131', 'Fazenda Panorama Slc Agricola S.a. Br 020 Km 67 Zona Rural Correntina BA 47650-000', 39),
(716, 'SLC AGRÍCOLA', 'FAZENDA PANORAMA', '89096457002280', '13213132131', 'Fazenda Panorama Slc Agricola S.a. Br 020 Km 67 Zona Rural Correntina BA 47650-000', 39),
(717, 'SLC AGRÍCOLA', 'FAZENDA PANORAMA', '89096457002280', '13213132131', 'Fazenda Panorama Slc Agricola S.a. Br 020 Km 67 Zona Rural Correntina BA 47650-000', 39),
(718, 'SLC AGRÍCOLA', 'FAZENDA PANORAMA', '89096457002280', '13213132131', 'Fazenda Panorama Slc Agricola S.a. Br 020 Km 67 Zona Rural Correntina BA 47650-000', 39),
(719, 'SLC AGRÍCOLA', 'FAZENDA PANORAMA', '89096457002280', '13213132131', 'Fazenda Panorama Slc Agricola S.a. Br 020 Km 67 Zona Rural Correntina BA 47650-000', 39),
(720, 'SLC AGRÍCOLA', 'FAZENDA PANORAMA', '89096457002280', '13213132131', 'Fazenda Panorama Slc Agricola S.a. Br 020 Km 67 Zona Rural Correntina BA 47650-000', 39),
(721, 'SLC AGRÍCOLA', 'FAZENDA PANORAMA', '89096457002280', '13213132131', 'Fazenda Panorama Slc Agricola S.a. Br 020 Km 67 Zona Rural Correntina BA 47650-000', 39),
(722, 'SLC AGRÍCOLA', 'FAZENDA PANORAMA', '89096457002280', '13213132131', 'Fazenda Panorama Slc Agricola S.a. Br 020 Km 67 Zona Rural Correntina BA 47650-000', 39),
(723, 'SLC AGRÍCOLA', 'FAZENDA PANORAMA', '89096457002280', '13213132131', 'Fazenda Panorama Slc Agricola S.a. Br 020 Km 67 Zona Rural Correntina BA 47650-000', 39),
(724, 'SLC AGRÍCOLA', 'FAZENDA PANORAMA', '89096457002280', '13213132131', 'Fazenda Panorama Slc Agricola S.a. Br 020 Km 67 Zona Rural Correntina BA 47650-000', 39),
(725, 'SLC AGRÍCOLA', 'FAZENDA PANORAMA', '89096457002280', '13213132131', 'Fazenda Panorama Slc Agricola S.a. Br 020 Km 67 Zona Rural Correntina BA 47650-000', 39),
(726, 'SLC AGRÍCOLA', 'FAZENDA PANORAMA', '89096457002280', '13213132131', 'Fazenda Panorama Slc Agricola S.a. Br 020 Km 67 Zona Rural Correntina BA 47650-000', 39),
(727, 'SLC AGRÍCOLA', 'FAZENDA PANORAMA', '89096457002280', '13213132131', 'Fazenda Panorama Slc Agricola S.a. Br 020 Km 67 Zona Rural Correntina BA 47650-000', 39),
(728, 'SLC AGRÍCOLA', 'FAZENDA PANORAMA', '89096457002280', '13213132131', 'Fazenda Panorama Slc Agricola S.a. Br 020 Km 67 Zona Rural Correntina BA 47650-000', 39),
(729, 'SLC AGRÍCOLA', 'FAZENDA PANORAMA', '89096457002280', '13213132131', 'Fazenda Panorama Slc Agricola S.a. Br 020 Km 67 Zona Rural Correntina BA 47650-000', 39),
(730, 'SLC AGRÍCOLA', 'FAZENDA PANORAMA', '89096457002280', '13213132131', 'Fazenda Panorama Slc Agricola S.a. Br 020 Km 67 Zona Rural Correntina BA 47650-000', 39),
(731, 'SLC AGRÍCOLA', 'FAZENDA PANORAMA', '89096457002280', '13213132131', 'Fazenda Panorama Slc Agricola S.a. Br 020 Km 67 Zona Rural Correntina BA 47650-000', 39),
(732, 'SLC AGRÍCOLA', 'FAZENDA PANORAMA', '89096457002280', '13213132131', 'Fazenda Panorama Slc Agricola S.a. Br 020 Km 67 Zona Rural Correntina BA 47650-000', 39),
(733, 'SLC AGRÍCOLA', 'FAZENDA PANORAMA', '89096457002280', '13213132131', 'Fazenda Panorama Slc Agricola S.a. Br 020 Km 67 Zona Rural Correntina BA 47650-000', 39),
(734, 'SLC AGRÍCOLA', 'FAZENDA PANORAMA', '89096457002280', '13213132131', 'Fazenda Panorama Slc Agricola S.a. Br 020 Km 67 Zona Rural Correntina BA 47650-000', 39),
(735, 'SLC AGRÍCOLA', 'FAZENDA PANORAMA', '89096457002280', '13213132131', 'Fazenda Panorama Slc Agricola S.a. Br 020 Km 67 Zona Rural Correntina BA 47650-000', 39),
(736, 'SLC AGRÍCOLA', 'FAZENDA PANORAMA', '89096457002280', '13213132131', 'Fazenda Panorama Slc Agricola S.a. Br 020 Km 67 Zona Rural Correntina BA 47650-000', 39),
(737, 'SLC AGRÍCOLA', 'FAZENDA PANORAMA', '89096457002280', '13213132131', 'Fazenda Panorama Slc Agricola S.a. Br 020 Km 67 Zona Rural Correntina BA 47650-000', 39),
(738, 'SLC AGRÍCOLA', 'FAZENDA PANORAMA', '89096457002280', '13213132131', 'Fazenda Panorama Slc Agricola S.a. Br 020 Km 67 Zona Rural Correntina BA 47650-000', 39),
(739, 'SLC AGRÍCOLA', 'FAZENDA PANORAMA', '89096457002280', '13213132131', 'Fazenda Panorama Slc Agricola S.a. Br 020 Km 67 Zona Rural Correntina BA 47650-000', 39),
(740, 'SLC AGRÍCOLA', 'FAZENDA PANORAMA', '89096457002280', '13213132131', 'Fazenda Panorama Slc Agricola S.a. Br 020 Km 67 Zona Rural Correntina BA 47650-000', 39),
(741, 'SLC AGRÍCOLA', 'FAZENDA PANORAMA', '89096457002280', '13213132131', 'Fazenda Panorama Slc Agricola S.a. Br 020 Km 67 Zona Rural Correntina BA 47650-000', 39),
(742, 'SLC AGRÍCOLA', 'FAZENDA PANORAMA', '89096457002280', '13213132131', 'Fazenda Panorama Slc Agricola S.a. Br 020 Km 67 Zona Rural Correntina BA 47650-000', 39),
(743, 'SLC AGRÍCOLA', 'FAZENDA PANORAMA', '89096457002280', '13213132131', 'Fazenda Panorama Slc Agricola S.a. Br 020 Km 67 Zona Rural Correntina BA 47650-000', 39),
(744, 'SLC AGRÍCOLA', 'FAZENDA PANORAMA', '89096457002280', '13213132131', 'Fazenda Panorama Slc Agricola S.a. Br 020 Km 67 Zona Rural Correntina BA 47650-000', 39),
(745, 'SLC AGRÍCOLA', 'FAZENDA PANORAMA', '89096457002280', '13213132131', 'Fazenda Panorama Slc Agricola S.a. Br 020 Km 67 Zona Rural Correntina BA 47650-000', 39),
(746, 'SLC AGRÍCOLA', 'FAZENDA PANORAMA', '89096457002280', '13213132131', 'Fazenda Panorama Slc Agricola S.a. Br 020 Km 67 Zona Rural Correntina BA 47650-000', 39),
(747, 'SLC AGRÍCOLA', 'FAZENDA PANORAMA', '89096457002280', '13213132131', 'Fazenda Panorama Slc Agricola S.a. Br 020 Km 67 Zona Rural Correntina BA 47650-000', 39),
(748, 'SLC AGRÍCOLA', 'FAZENDA PANORAMA', '89096457002280', '13213132131', 'Fazenda Panorama Slc Agricola S.a. Br 020 Km 67 Zona Rural Correntina BA 47650-000', 39),
(749, 'SLC AGRÍCOLA', 'FAZENDA PANORAMA', '89096457002280', '13213132131', 'Fazenda Panorama Slc Agricola S.a. Br 020 Km 67 Zona Rural Correntina BA 47650-000', 39),
(750, 'SLC AGRÍCOLA', 'FAZENDA PANORAMA', '89096457002280', '13213132131', 'Fazenda Panorama Slc Agricola S.a. Br 020 Km 67 Zona Rural Correntina BA 47650-000', 39),
(751, 'SLC AGRÍCOLA', 'FAZENDA PANORAMA', '89096457002280', '13213132131', 'Fazenda Panorama Slc Agricola S.a. Br 020 Km 67 Zona Rural Correntina BA 47650-000', 39);
INSERT INTO `tb_empresa` (`id`, `razao_social`, `nome_fantasia`, `cnpj`, `ie`, `endereco`, `cidade_id`) VALUES
(752, 'SLC AGRÍCOLA', 'FAZENDA PANORAMA', '89096457002280', '13213132131', 'Fazenda Panorama Slc Agricola S.a. Br 020 Km 67 Zona Rural Correntina BA 47650-000', 39),
(753, 'SLC AGRÍCOLA', 'FAZENDA PANORAMA', '89096457002280', '13213132131', 'Fazenda Panorama Slc Agricola S.a. Br 020 Km 67 Zona Rural Correntina BA 47650-000', 39),
(754, 'SLC AGRÍCOLA', 'FAZENDA PANORAMA', '89096457002280', '13213132131', 'Fazenda Panorama Slc Agricola S.a. Br 020 Km 67 Zona Rural Correntina BA 47650-000', 39),
(755, 'SLC AGRÍCOLA', 'FAZENDA PANORAMA', '89096457002280', '13213132131', 'Fazenda Panorama Slc Agricola S.a. Br 020 Km 67 Zona Rural Correntina BA 47650-000', 39),
(756, 'SLC AGRÍCOLA', 'FAZENDA PANORAMA', '89096457002280', '13213132131', 'Fazenda Panorama Slc Agricola S.a. Br 020 Km 67 Zona Rural Correntina BA 47650-000', 39),
(757, 'SLC AGRÍCOLA', 'FAZENDA PANORAMA', '89096457002280', '13213132131', 'Fazenda Panorama Slc Agricola S.a. Br 020 Km 67 Zona Rural Correntina BA 47650-000', 39),
(758, 'SLC AGRÍCOLA', 'FAZENDA PANORAMA', '89096457002280', '13213132131', 'Fazenda Panorama Slc Agricola S.a. Br 020 Km 67 Zona Rural Correntina BA 47650-000', 39),
(759, 'SLC AGRÍCOLA', 'FAZENDA PANORAMA', '89096457002280', '13213132131', 'Fazenda Panorama Slc Agricola S.a. Br 020 Km 67 Zona Rural Correntina BA 47650-000', 39),
(760, 'SLC AGRÍCOLA', 'FAZENDA PANORAMA', '89096457002280', '13213132131', 'Fazenda Panorama Slc Agricola S.a. Br 020 Km 67 Zona Rural Correntina BA 47650-000', 39),
(761, 'SLC AGRÍCOLA', 'FAZENDA PANORAMA', '89096457002280', '13213132131', 'Fazenda Panorama Slc Agricola S.a. Br 020 Km 67 Zona Rural Correntina BA 47650-000', 39),
(762, 'SLC AGRÍCOLA', 'FAZENDA PANORAMA', '89096457002280', '13213132131', 'Fazenda Panorama Slc Agricola S.a. Br 020 Km 67 Zona Rural Correntina BA 47650-000', 39),
(763, 'SLC AGRÍCOLA', 'FAZENDA PANORAMA', '89096457002280', '13213132131', 'Fazenda Panorama Slc Agricola S.a. Br 020 Km 67 Zona Rural Correntina BA 47650-000', 39),
(764, 'SLC AGRÍCOLA', 'FAZENDA PANORAMA', '89096457002280', '13213132131', 'Fazenda Panorama Slc Agricola S.a. Br 020 Km 67 Zona Rural Correntina BA 47650-000', 39),
(765, 'SLC AGRÍCOLA', 'FAZENDA PANORAMA', '89096457002280', '13213132131', 'Fazenda Panorama Slc Agricola S.a. Br 020 Km 67 Zona Rural Correntina BA 47650-000', 39),
(766, 'SLC AGRÍCOLA', 'FAZENDA PANORAMA', '89096457002280', '13213132131', 'Fazenda Panorama Slc Agricola S.a. Br 020 Km 67 Zona Rural Correntina BA 47650-000', 39),
(767, 'SLC AGRÍCOLA', 'FAZENDA PANORAMA', '89096457002280', '13213132131', 'Fazenda Panorama Slc Agricola S.a. Br 020 Km 67 Zona Rural Correntina BA 47650-000', 39),
(768, 'SLC AGRÍCOLA', 'FAZENDA PANORAMA', '89096457002280', '13213132131', 'Fazenda Panorama Slc Agricola S.a. Br 020 Km 67 Zona Rural Correntina BA 47650-000', 39),
(769, 'SLC AGRÍCOLA', 'FAZENDA PANORAMA', '89096457002280', '13213132131', 'Fazenda Panorama Slc Agricola S.a. Br 020 Km 67 Zona Rural Correntina BA 47650-000', 39),
(770, 'SLC AGRÍCOLA', 'FAZENDA PANORAMA', '89096457002280', '13213132131', 'Fazenda Panorama Slc Agricola S.a. Br 020 Km 67 Zona Rural Correntina BA 47650-000', 39),
(771, 'SLC AGRÍCOLA', 'FAZENDA PANORAMA', '89096457002280', '13213132131', 'Fazenda Panorama Slc Agricola S.a. Br 020 Km 67 Zona Rural Correntina BA 47650-000', 39),
(772, 'SLC AGRÍCOLA', 'FAZENDA PANORAMA', '89096457002280', '13213132131', 'Fazenda Panorama Slc Agricola S.a. Br 020 Km 67 Zona Rural Correntina BA 47650-000', 39),
(773, 'SLC AGRÍCOLA', 'FAZENDA PANORAMA', '89096457002280', '13213132131', 'Fazenda Panorama Slc Agricola S.a. Br 020 Km 67 Zona Rural Correntina BA 47650-000', 39),
(774, 'SLC AGRÍCOLA', 'FAZENDA PANORAMA', '89096457002280', '13213132131', 'Fazenda Panorama Slc Agricola S.a. Br 020 Km 67 Zona Rural Correntina BA 47650-000', 39),
(775, 'SLC AGRÍCOLA', 'FAZENDA PANORAMA', '89096457002280', '13213132131', 'Fazenda Panorama Slc Agricola S.a. Br 020 Km 67 Zona Rural Correntina BA 47650-000', 39),
(776, 'SLC AGRÍCOLA', 'FAZENDA PANORAMA', '89096457002280', '13213132131', 'Fazenda Panorama Slc Agricola S.a. Br 020 Km 67 Zona Rural Correntina BA 47650-000', 39),
(777, 'SLC AGRÍCOLA', 'FAZENDA PANORAMA', '89096457002280', '13213132131', 'Fazenda Panorama Slc Agricola S.a. Br 020 Km 67 Zona Rural Correntina BA 47650-000', 39),
(778, 'SLC AGRÍCOLA', 'FAZENDA PANORAMA', '89096457002280', '13213132131', 'Fazenda Panorama Slc Agricola S.a. Br 020 Km 67 Zona Rural Correntina BA 47650-000', 39),
(779, 'SLC AGRÍCOLA', 'FAZENDA PANORAMA', '89096457002280', '13213132131', 'Fazenda Panorama Slc Agricola S.a. Br 020 Km 67 Zona Rural Correntina BA 47650-000', 39),
(780, 'SLC AGRÍCOLA', 'FAZENDA PANORAMA', '89096457002280', '13213132131', 'Fazenda Panorama Slc Agricola S.a. Br 020 Km 67 Zona Rural Correntina BA 47650-000', 39),
(781, 'SLC AGRÍCOLA', 'FAZENDA PANORAMA', '89096457002280', '13213132131', 'Fazenda Panorama Slc Agricola S.a. Br 020 Km 67 Zona Rural Correntina BA 47650-000', 39),
(782, 'SLC AGRÍCOLA', 'FAZENDA PANORAMA', '89096457002280', '13213132131', 'Fazenda Panorama Slc Agricola S.a. Br 020 Km 67 Zona Rural Correntina BA 47650-000', 39),
(783, 'SLC AGRÍCOLA', 'FAZENDA PANORAMA', '89096457002280', '13213132131', 'Fazenda Panorama Slc Agricola S.a. Br 020 Km 67 Zona Rural Correntina BA 47650-000', 39),
(784, 'SLC AGRÍCOLA', 'FAZENDA PANORAMA', '89096457002280', '13213132131', 'Fazenda Panorama Slc Agricola S.a. Br 020 Km 67 Zona Rural Correntina BA 47650-000', 39),
(785, 'SLC AGRÍCOLA', 'FAZENDA PANORAMA', '89096457002280', '13213132131', 'Fazenda Panorama Slc Agricola S.a. Br 020 Km 67 Zona Rural Correntina BA 47650-000', 39),
(786, 'SLC AGRÍCOLA', 'FAZENDA PANORAMA', '89096457002280', '13213132131', 'Fazenda Panorama Slc Agricola S.a. Br 020 Km 67 Zona Rural Correntina BA 47650-000', 39),
(787, 'SLC AGRÍCOLA', 'FAZENDA PANORAMA', '89096457002280', '13213132131', 'Fazenda Panorama Slc Agricola S.a. Br 020 Km 67 Zona Rural Correntina BA 47650-000', 39),
(788, 'SLC AGRÍCOLA', 'FAZENDA PANORAMA', '89096457002280', '13213132131', 'Fazenda Panorama Slc Agricola S.a. Br 020 Km 67 Zona Rural Correntina BA 47650-000', 39),
(789, 'SLC AGRÍCOLA', 'FAZENDA PANORAMA', '89096457002280', '13213132131', 'Fazenda Panorama Slc Agricola S.a. Br 020 Km 67 Zona Rural Correntina BA 47650-000', 39),
(790, 'SLC AGRÍCOLA', 'FAZENDA PANORAMA', '89096457002280', '13213132131', 'Fazenda Panorama Slc Agricola S.a. Br 020 Km 67 Zona Rural Correntina BA 47650-000', 39),
(791, 'SLC AGRÍCOLA', 'FAZENDA PANORAMA', '89096457002280', '13213132131', 'Fazenda Panorama Slc Agricola S.a. Br 020 Km 67 Zona Rural Correntina BA 47650-000', 39),
(792, 'SLC AGRÍCOLA', 'FAZENDA PANORAMA', '89096457002280', '13213132131', 'Fazenda Panorama Slc Agricola S.a. Br 020 Km 67 Zona Rural Correntina BA 47650-000', 39),
(793, 'SLC AGRÍCOLA', 'FAZENDA PANORAMA', '89096457002280', '13213132131', 'Fazenda Panorama Slc Agricola S.a. Br 020 Km 67 Zona Rural Correntina BA 47650-000', 39),
(794, 'SLC AGRÍCOLA', 'FAZENDA PANORAMA', '89096457002280', '13213132131', 'Fazenda Panorama Slc Agricola S.a. Br 020 Km 67 Zona Rural Correntina BA 47650-000', 39),
(796, 'SLC AGRÍCOLA', 'FAZENDA PANORAMA', '89096457002280', '13213132131', 'Fazenda Panorama Slc Agricola S.a. Br 020 Km 67 Zona Rural Correntina BA 47650-000', 39),
(797, 'SLC AGRÍCOLA', 'FAZENDA PANORAMA', '89096457002280', '13213132131', 'Fazenda Panorama Slc Agricola S.a. Br 020 Km 67 Zona Rural Correntina BA 47650-000', 39),
(798, 'SLC AGRÍCOLA', 'FAZENDA PANORAMA', '89096457002280', '13213132131', 'Fazenda Panorama Slc Agricola S.a. Br 020 Km 67 Zona Rural Correntina BA 47650-000', 39),
(799, 'SLC AGRÍCOLA', 'FAZENDA PANORAMA', '89096457002280', '13213132131', 'Fazenda Panorama Slc Agricola S.a. Br 020 Km 67 Zona Rural Correntina BA 47650-000', 39),
(800, 'SLC AGRÍCOLA', 'FAZENDA PANORAMA', '89096457002280', '13213132131', 'Fazenda Panorama Slc Agricola S.a. Br 020 Km 67 Zona Rural Correntina BA 47650-000', 39),
(801, 'SLC AGRÍCOLA', 'FAZENDA PANORAMA', '89096457002280', '13213132131', 'Fazenda Panorama Slc Agricola S.a. Br 020 Km 67 Zona Rural Correntina BA 47650-000', 39),
(802, 'SLC AGRÍCOLA', 'FAZENDA PANORAMA', '89096457002280', '13213132131', 'Fazenda Panorama Slc Agricola S.a. Br 020 Km 67 Zona Rural Correntina BA 47650-000', 39),
(803, 'SLC AGRÍCOLA', 'FAZENDA PANORAMA', '89096457002280', '13213132131', 'Fazenda Panorama Slc Agricola S.a. Br 020 Km 67 Zona Rural Correntina BA 47650-000', 39),
(804, 'SLC AGRÍCOLA', 'FAZENDA PANORAMA', '89096457002280', '13213132131', 'Fazenda Panorama Slc Agricola S.a. Br 020 Km 67 Zona Rural Correntina BA 47650-000', 39),
(805, 'SLC AGRÍCOLA', 'FAZENDA PANORAMA', '89096457002280', '13213132131', 'Fazenda Panorama Slc Agricola S.a. Br 020 Km 67 Zona Rural Correntina BA 47650-000', 39),
(806, 'SLC AGRÍCOLA', 'FAZENDA PANORAMA', '89096457002280', '13213132131', 'Fazenda Panorama Slc Agricola S.a. Br 020 Km 67 Zona Rural Correntina BA 47650-000', 39),
(807, 'SLC AGRÍCOLA', 'FAZENDA PANORAMA', '89096457002280', '13213132131', 'Fazenda Panorama Slc Agricola S.a. Br 020 Km 67 Zona Rural Correntina BA 47650-000', 39),
(808, 'SLC AGRÍCOLA', 'FAZENDA PANORAMA', '89096457002280', '13213132131', 'Fazenda Panorama Slc Agricola S.a. Br 020 Km 67 Zona Rural Correntina BA 47650-000', 39),
(809, 'SLC AGRÍCOLA', 'FAZENDA PANORAMA', '89096457002280', '13213132131', 'Fazenda Panorama Slc Agricola S.a. Br 020 Km 67 Zona Rural Correntina BA 47650-000', 39),
(810, 'SLC AGRÍCOLA', 'FAZENDA PANORAMA', '89096457002280', '13213132131', 'Fazenda Panorama Slc Agricola S.a. Br 020 Km 67 Zona Rural Correntina BA 47650-000', 39),
(811, 'SLC AGRÍCOLA', 'FAZENDA PANORAMA', '89096457002280', '13213132131', 'Fazenda Panorama Slc Agricola S.a. Br 020 Km 67 Zona Rural Correntina BA 47650-000', 39),
(812, 'SLC AGRÍCOLA', 'FAZENDA PANORAMA', '89096457002280', '13213132131', 'Fazenda Panorama Slc Agricola S.a. Br 020 Km 67 Zona Rural Correntina BA 47650-000', 39),
(813, 'SLC AGRÍCOLA', 'FAZENDA PANORAMA', '89096457002280', '13213132131', 'Fazenda Panorama Slc Agricola S.a. Br 020 Km 67 Zona Rural Correntina BA 47650-000', 39),
(814, 'SLC AGRÍCOLA', 'FAZENDA PANORAMA', '89096457002280', '13213132131', 'Fazenda Panorama Slc Agricola S.a. Br 020 Km 67 Zona Rural Correntina BA 47650-000', 39),
(815, 'SLC AGRÍCOLA', 'FAZENDA PANORAMA', '89096457002280', '13213132131', 'Fazenda Panorama Slc Agricola S.a. Br 020 Km 67 Zona Rural Correntina BA 47650-000', 39),
(816, 'SLC AGRÍCOLA', 'FAZENDA PANORAMA', '89096457002280', '13213132131', 'Fazenda Panorama Slc Agricola S.a. Br 020 Km 67 Zona Rural Correntina BA 47650-000', 39),
(817, 'SLC AGRÍCOLA', 'FAZENDA PANORAMA', '89096457002280', '13213132131', 'Fazenda Panorama Slc Agricola S.a. Br 020 Km 67 Zona Rural Correntina BA 47650-000', 39),
(818, 'SLC AGRÍCOLA', 'FAZENDA PANORAMA', '89096457002280', '13213132131', 'Fazenda Panorama Slc Agricola S.a. Br 020 Km 67 Zona Rural Correntina BA 47650-000', 39),
(819, 'SLC AGRÍCOLA', 'FAZENDA PANORAMA', '89096457002280', '13213132131', 'Fazenda Panorama Slc Agricola S.a. Br 020 Km 67 Zona Rural Correntina BA 47650-000', 39),
(820, 'SLC AGRÍCOLA', 'FAZENDA PANORAMA', '89096457002280', '13213132131', 'Fazenda Panorama Slc Agricola S.a. Br 020 Km 67 Zona Rural Correntina BA 47650-000', 39),
(821, 'SLC AGRÍCOLA', 'FAZENDA PANORAMA', '89096457002280', '13213132131', 'Fazenda Panorama Slc Agricola S.a. Br 020 Km 67 Zona Rural Correntina BA 47650-000', 39),
(822, 'SLC AGRÍCOLA', 'FAZENDA PANORAMA', '89096457002280', '13213132131', 'Fazenda Panorama Slc Agricola S.a. Br 020 Km 67 Zona Rural Correntina BA 47650-000', 39),
(823, 'SLC AGRÍCOLA', 'FAZENDA PANORAMA', '89096457002280', '13213132131', 'Fazenda Panorama Slc Agricola S.a. Br 020 Km 67 Zona Rural Correntina BA 47650-000', 39),
(824, 'SLC AGRÍCOLA', 'FAZENDA PANORAMA', '89096457002280', '13213132131', 'Fazenda Panorama Slc Agricola S.a. Br 020 Km 67 Zona Rural Correntina BA 47650-000', 39),
(825, 'SLC AGRÍCOLA', 'FAZENDA PANORAMA', '89096457002280', '13213132131', 'Fazenda Panorama Slc Agricola S.a. Br 020 Km 67 Zona Rural Correntina BA 47650-000', 39),
(826, 'SLC AGRÍCOLA', 'FAZENDA PANORAMA', '89096457002280', '13213132131', 'Fazenda Panorama Slc Agricola S.a. Br 020 Km 67 Zona Rural Correntina BA 47650-000', 39),
(827, 'SLC AGRÍCOLA', 'FAZENDA PANORAMA', '89096457002280', '13213132131', 'Fazenda Panorama Slc Agricola S.a. Br 020 Km 67 Zona Rural Correntina BA 47650-000', 39),
(828, 'SLC AGRÍCOLA', 'FAZENDA PANORAMA', '89096457002280', '13213132131', 'Fazenda Panorama Slc Agricola S.a. Br 020 Km 67 Zona Rural Correntina BA 47650-000', 39),
(829, 'SLC AGRÍCOLA', 'FAZENDA PANORAMA', '89096457002280', '13213132131', 'Fazenda Panorama Slc Agricola S.a. Br 020 Km 67 Zona Rural Correntina BA 47650-000', 39),
(830, 'SLC AGRÍCOLA', 'FAZENDA PANORAMA', '89096457002280', '13213132131', 'Fazenda Panorama Slc Agricola S.a. Br 020 Km 67 Zona Rural Correntina BA 47650-000', 39),
(831, 'SLC AGRÍCOLA', 'FAZENDA PANORAMA', '89096457002280', '13213132131', 'Fazenda Panorama Slc Agricola S.a. Br 020 Km 67 Zona Rural Correntina BA 47650-000', 39),
(832, 'SLC AGRÍCOLA', 'FAZENDA PANORAMA', '89096457002280', '13213132131', 'Fazenda Panorama Slc Agricola S.a. Br 020 Km 67 Zona Rural Correntina BA 47650-000', 39),
(833, 'SLC AGRÍCOLA', 'FAZENDA PANORAMA', '89096457002280', '13213132131', 'Fazenda Panorama Slc Agricola S.a. Br 020 Km 67 Zona Rural Correntina BA 47650-000', 39),
(834, 'SLC AGRÍCOLA', 'FAZENDA PANORAMA', '89096457002280', '13213132131', 'Fazenda Panorama Slc Agricola S.a. Br 020 Km 67 Zona Rural Correntina BA 47650-000', 39),
(835, 'SLC AGRÍCOLA', 'FAZENDA PANORAMA', '89096457002280', '13213132131', 'Fazenda Panorama Slc Agricola S.a. Br 020 Km 67 Zona Rural Correntina BA 47650-000', 39),
(836, 'SLC AGRÍCOLA', 'FAZENDA PANORAMA', '89096457002280', '13213132131', 'Fazenda Panorama Slc Agricola S.a. Br 020 Km 67 Zona Rural Correntina BA 47650-000', 39),
(837, 'SLC AGRÍCOLA', 'FAZENDA PANORAMA', '89096457002280', '13213132131', 'Fazenda Panorama Slc Agricola S.a. Br 020 Km 67 Zona Rural Correntina BA 47650-000', 39),
(838, 'SLC AGRÍCOLA', 'FAZENDA PANORAMA', '89096457002280', '13213132131', 'Fazenda Panorama Slc Agricola S.a. Br 020 Km 67 Zona Rural Correntina BA 47650-000', 39),
(839, 'SLC AGRÍCOLA', 'FAZENDA PANORAMA', '89096457002280', '13213132131', 'Fazenda Panorama Slc Agricola S.a. Br 020 Km 67 Zona Rural Correntina BA 47650-000', 39),
(840, 'SLC AGRÍCOLA', 'FAZENDA PANORAMA', '89096457002280', '13213132131', 'Fazenda Panorama Slc Agricola S.a. Br 020 Km 67 Zona Rural Correntina BA 47650-000', 39),
(841, 'SLC AGRÍCOLA', 'FAZENDA PANORAMA', '89096457002280', '13213132131', 'Fazenda Panorama Slc Agricola S.a. Br 020 Km 67 Zona Rural Correntina BA 47650-000', 39),
(842, 'SLC AGRÍCOLA', 'FAZENDA PANORAMA', '89096457002280', '13213132131', 'Fazenda Panorama Slc Agricola S.a. Br 020 Km 67 Zona Rural Correntina BA 47650-000', 39),
(843, 'SLC AGRÍCOLA', 'FAZENDA PANORAMA', '89096457002280', '13213132131', 'Fazenda Panorama Slc Agricola S.a. Br 020 Km 67 Zona Rural Correntina BA 47650-000', 39),
(844, 'SLC AGRÍCOLA', 'FAZENDA PANORAMA', '89096457002280', '13213132131', 'Fazenda Panorama Slc Agricola S.a. Br 020 Km 67 Zona Rural Correntina BA 47650-000', 39),
(845, 'SLC AGRÍCOLA', 'FAZENDA PANORAMA', '89096457002280', '13213132131', 'Fazenda Panorama Slc Agricola S.a. Br 020 Km 67 Zona Rural Correntina BA 47650-000', 39),
(846, 'SLC AGRÍCOLA', 'FAZENDA PANORAMA', '89096457002280', '13213132131', 'Fazenda Panorama Slc Agricola S.a. Br 020 Km 67 Zona Rural Correntina BA 47650-000', 39),
(847, 'SLC AGRÍCOLA', 'FAZENDA PANORAMA', '89096457002280', '13213132131', 'Fazenda Panorama Slc Agricola S.a. Br 020 Km 67 Zona Rural Correntina BA 47650-000', 39),
(848, 'SLC AGRÍCOLA', 'FAZENDA PANORAMA', '89096457002280', '13213132131', 'Fazenda Panorama Slc Agricola S.a. Br 020 Km 67 Zona Rural Correntina BA 47650-000', 39),
(849, 'SLC AGRÍCOLA', 'FAZENDA PANORAMA', '89096457002280', '13213132131', 'Fazenda Panorama Slc Agricola S.a. Br 020 Km 67 Zona Rural Correntina BA 47650-000', 39),
(850, 'SLC AGRÍCOLA', 'FAZENDA PANORAMA', '89096457002280', '13213132131', 'Fazenda Panorama Slc Agricola S.a. Br 020 Km 67 Zona Rural Correntina BA 47650-000', 39),
(851, 'SLC AGRÍCOLA', 'FAZENDA PANORAMA', '89096457002280', '13213132131', 'Fazenda Panorama Slc Agricola S.a. Br 020 Km 67 Zona Rural Correntina BA 47650-000', 39),
(852, 'SLC AGRÍCOLA', 'FAZENDA PANORAMA', '89096457002280', '13213132131', 'Fazenda Panorama Slc Agricola S.a. Br 020 Km 67 Zona Rural Correntina BA 47650-000', 39),
(853, 'SLC AGRÍCOLA', 'FAZENDA PANORAMA', '89096457002280', '13213132131', 'Fazenda Panorama Slc Agricola S.a. Br 020 Km 67 Zona Rural Correntina BA 47650-000', 39),
(854, 'SLC AGRÍCOLA', 'FAZENDA PANORAMA', '89096457002280', '13213132131', 'Fazenda Panorama Slc Agricola S.a. Br 020 Km 67 Zona Rural Correntina BA 47650-000', 39),
(855, 'SLC AGRÍCOLA', 'FAZENDA PANORAMA', '89096457002280', '13213132131', 'Fazenda Panorama Slc Agricola S.a. Br 020 Km 67 Zona Rural Correntina BA 47650-000', 39),
(856, 'SLC AGRÍCOLA', 'FAZENDA PANORAMA', '89096457002280', '13213132131', 'Fazenda Panorama Slc Agricola S.a. Br 020 Km 67 Zona Rural Correntina BA 47650-000', 39),
(857, 'SLC AGRÍCOLA', 'FAZENDA PANORAMA', '89096457002280', '13213132131', 'Fazenda Panorama Slc Agricola S.a. Br 020 Km 67 Zona Rural Correntina BA 47650-000', 39),
(858, 'SLC AGRÍCOLA', 'FAZENDA PANORAMA', '89096457002280', '13213132131', 'Fazenda Panorama Slc Agricola S.a. Br 020 Km 67 Zona Rural Correntina BA 47650-000', 39),
(859, 'SLC AGRÍCOLA', 'FAZENDA PANORAMA', '89096457002280', '13213132131', 'Fazenda Panorama Slc Agricola S.a. Br 020 Km 67 Zona Rural Correntina BA 47650-000', 39),
(860, 'SLC AGRÍCOLA', 'FAZENDA PANORAMA', '89096457002280', '13213132131', 'Fazenda Panorama Slc Agricola S.a. Br 020 Km 67 Zona Rural Correntina BA 47650-000', 39),
(861, 'SLC AGRÍCOLA', 'FAZENDA PANORAMA', '89096457002280', '13213132131', 'Fazenda Panorama Slc Agricola S.a. Br 020 Km 67 Zona Rural Correntina BA 47650-000', 39),
(862, 'SLC AGRÍCOLA', 'FAZENDA PANORAMA', '89096457002280', '13213132131', 'Fazenda Panorama Slc Agricola S.a. Br 020 Km 67 Zona Rural Correntina BA 47650-000', 39),
(863, 'SLC AGRÍCOLA', 'FAZENDA PANORAMA', '89096457002280', '13213132131', 'Fazenda Panorama Slc Agricola S.a. Br 020 Km 67 Zona Rural Correntina BA 47650-000', 39),
(864, 'SLC AGRÍCOLA', 'FAZENDA PANORAMA', '89096457002280', '13213132131', 'Fazenda Panorama Slc Agricola S.a. Br 020 Km 67 Zona Rural Correntina BA 47650-000', 39),
(865, 'SLC AGRÍCOLA', 'FAZENDA PANORAMA', '89096457002280', '13213132131', 'Fazenda Panorama Slc Agricola S.a. Br 020 Km 67 Zona Rural Correntina BA 47650-000', 39),
(866, 'SLC AGRÍCOLA', 'FAZENDA PANORAMA', '89096457002280', '13213132131', 'Fazenda Panorama Slc Agricola S.a. Br 020 Km 67 Zona Rural Correntina BA 47650-000', 39),
(867, 'SLC AGRÍCOLA', 'FAZENDA PANORAMA', '89096457002280', '13213132131', 'Fazenda Panorama Slc Agricola S.a. Br 020 Km 67 Zona Rural Correntina BA 47650-000', 39),
(868, 'SLC AGRÍCOLA', 'FAZENDA PANORAMA', '89096457002280', '13213132131', 'Fazenda Panorama Slc Agricola S.a. Br 020 Km 67 Zona Rural Correntina BA 47650-000', 39),
(869, 'SLC AGRÍCOLA', 'FAZENDA PANORAMA', '89096457002280', '13213132131', 'Fazenda Panorama Slc Agricola S.a. Br 020 Km 67 Zona Rural Correntina BA 47650-000', 39),
(870, 'SLC AGRÍCOLA', 'FAZENDA PANORAMA', '89096457002280', '13213132131', 'Fazenda Panorama Slc Agricola S.a. Br 020 Km 67 Zona Rural Correntina BA 47650-000', 39),
(871, 'SLC AGRÍCOLA', 'FAZENDA PANORAMA', '89096457002280', '13213132131', 'Fazenda Panorama Slc Agricola S.a. Br 020 Km 67 Zona Rural Correntina BA 47650-000', 39),
(872, 'SLC AGRÍCOLA', 'FAZENDA PANORAMA', '89096457002280', '13213132131', 'Fazenda Panorama Slc Agricola S.a. Br 020 Km 67 Zona Rural Correntina BA 47650-000', 39),
(873, 'SLC AGRÍCOLA', 'FAZENDA PANORAMA', '89096457002280', '13213132131', 'Fazenda Panorama Slc Agricola S.a. Br 020 Km 67 Zona Rural Correntina BA 47650-000', 39),
(874, 'SLC AGRÍCOLA', 'FAZENDA PANORAMA', '89096457002280', '13213132131', 'Fazenda Panorama Slc Agricola S.a. Br 020 Km 67 Zona Rural Correntina BA 47650-000', 39),
(875, 'SLC AGRÍCOLA', 'FAZENDA PANORAMA', '89096457002280', '13213132131', 'Fazenda Panorama Slc Agricola S.a. Br 020 Km 67 Zona Rural Correntina BA 47650-000', 39),
(876, 'SLC AGRÍCOLA', 'FAZENDA PANORAMA', '89096457002280', '13213132131', 'Fazenda Panorama Slc Agricola S.a. Br 020 Km 67 Zona Rural Correntina BA 47650-000', 39),
(877, 'SLC AGRÍCOLA', 'FAZENDA PANORAMA', '89096457002280', '13213132131', 'Fazenda Panorama Slc Agricola S.a. Br 020 Km 67 Zona Rural Correntina BA 47650-000', 39),
(878, 'SLC AGRÍCOLA', 'FAZENDA PANORAMA', '89096457002280', '13213132131', 'Fazenda Panorama Slc Agricola S.a. Br 020 Km 67 Zona Rural Correntina BA 47650-000', 39),
(879, 'SLC AGRÍCOLA', 'FAZENDA PANORAMA', '89096457002280', '13213132131', 'Fazenda Panorama Slc Agricola S.a. Br 020 Km 67 Zona Rural Correntina BA 47650-000', 39),
(880, 'SLC AGRÍCOLA', 'FAZENDA PANORAMA', '89096457002280', '13213132131', 'Fazenda Panorama Slc Agricola S.a. Br 020 Km 67 Zona Rural Correntina BA 47650-000', 39),
(881, 'SLC AGRÍCOLA', 'FAZENDA PANORAMA', '89096457002280', '13213132131', 'Fazenda Panorama Slc Agricola S.a. Br 020 Km 67 Zona Rural Correntina BA 47650-000', 39),
(882, 'SLC AGRÍCOLA', 'FAZENDA PANORAMA', '89096457002280', '13213132131', 'Fazenda Panorama Slc Agricola S.a. Br 020 Km 67 Zona Rural Correntina BA 47650-000', 39),
(883, 'SLC AGRÍCOLA', 'FAZENDA PANORAMA', '89096457002280', '13213132131', 'Fazenda Panorama Slc Agricola S.a. Br 020 Km 67 Zona Rural Correntina BA 47650-000', 39),
(884, 'SLC AGRÍCOLA', 'FAZENDA PANORAMA', '89096457002280', '13213132131', 'Fazenda Panorama Slc Agricola S.a. Br 020 Km 67 Zona Rural Correntina BA 47650-000', 39),
(885, 'SLC AGRÍCOLA', 'FAZENDA PANORAMA', '89096457002280', '13213132131', 'Fazenda Panorama Slc Agricola S.a. Br 020 Km 67 Zona Rural Correntina BA 47650-000', 39),
(886, 'SLC AGRÍCOLA', 'FAZENDA PANORAMA', '89096457002280', '13213132131', 'Fazenda Panorama Slc Agricola S.a. Br 020 Km 67 Zona Rural Correntina BA 47650-000', 39),
(887, 'SLC AGRÍCOLA', 'FAZENDA PANORAMA', '89096457002280', '13213132131', 'Fazenda Panorama Slc Agricola S.a. Br 020 Km 67 Zona Rural Correntina BA 47650-000', 39),
(888, 'SLC AGRÍCOLA', 'FAZENDA PANORAMA', '89096457002280', '13213132131', 'Fazenda Panorama Slc Agricola S.a. Br 020 Km 67 Zona Rural Correntina BA 47650-000', 39),
(889, 'SLC AGRÍCOLA', 'FAZENDA PANORAMA', '89096457002280', '13213132131', 'Fazenda Panorama Slc Agricola S.a. Br 020 Km 67 Zona Rural Correntina BA 47650-000', 39),
(890, 'SLC AGRÍCOLA', 'FAZENDA PANORAMA', '89096457002280', '13213132131', 'Fazenda Panorama Slc Agricola S.a. Br 020 Km 67 Zona Rural Correntina BA 47650-000', 39),
(891, 'SLC AGRÍCOLA', 'FAZENDA PANORAMA', '89096457002280', '13213132131', 'Fazenda Panorama Slc Agricola S.a. Br 020 Km 67 Zona Rural Correntina BA 47650-000', 39),
(892, 'SLC AGRÍCOLA', 'FAZENDA PANORAMA', '89096457002280', '13213132131', 'Fazenda Panorama Slc Agricola S.a. Br 020 Km 67 Zona Rural Correntina BA 47650-000', 39),
(893, 'SLC AGRÍCOLA', 'FAZENDA PANORAMA', '89096457002280', '13213132131', 'Fazenda Panorama Slc Agricola S.a. Br 020 Km 67 Zona Rural Correntina BA 47650-000', 39),
(894, 'SLC AGRÍCOLA', 'FAZENDA PANORAMA', '89096457002280', '13213132131', 'Fazenda Panorama Slc Agricola S.a. Br 020 Km 67 Zona Rural Correntina BA 47650-000', 39),
(895, 'SLC AGRÍCOLA', 'FAZENDA PANORAMA', '89096457002280', '13213132131', 'Fazenda Panorama Slc Agricola S.a. Br 020 Km 67 Zona Rural Correntina BA 47650-000', 39),
(896, 'SLC AGRÍCOLA', 'FAZENDA PANORAMA', '89096457002280', '13213132131', 'Fazenda Panorama Slc Agricola S.a. Br 020 Km 67 Zona Rural Correntina BA 47650-000', 39),
(897, 'SLC AGRÍCOLA', 'FAZENDA PANORAMA', '89096457002280', '13213132131', 'Fazenda Panorama Slc Agricola S.a. Br 020 Km 67 Zona Rural Correntina BA 47650-000', 39),
(899, 'SLC AGRÍCOLA', 'FAZENDA PANORAMA', '89096457002280', '13213132131', 'Fazenda Panorama Slc Agricola S.a. Br 020 Km 67 Zona Rural Correntina BA 47650-000', 39),
(900, 'SLC AGRÍCOLA', 'FAZENDA PANORAMA', '89096457002280', '13213132131', 'Fazenda Panorama Slc Agricola S.a. Br 020 Km 67 Zona Rural Correntina BA 47650-000', 39),
(901, 'SLC AGRÍCOLA', 'FAZENDA PANORAMA', '89096457002280', '13213132131', 'Fazenda Panorama Slc Agricola S.a. Br 020 Km 67 Zona Rural Correntina BA 47650-000', 39),
(902, 'SLC AGRÍCOLA', 'FAZENDA PANORAMA', '89096457002280', '13213132131', 'Fazenda Panorama Slc Agricola S.a. Br 020 Km 67 Zona Rural Correntina BA 47650-000', 39),
(906, 'SLC AGRÍCOLA', 'FAZENDA PANORAMA', '89096457002280', '13213132131', 'Fazenda Panorama Slc Agricola S.a. Br 020 Km 67 Zona Rural Correntina BA 47650-000', 39),
(907, 'SLC AGRÍCOLA', 'FAZENDA PANORAMA', '89096457002280', '13213132131', 'Fazenda Panorama Slc Agricola S.a. Br 020 Km 67 Zona Rural Correntina BA 47650-000', 39),
(909, 'SLC AGRÍCOLA', 'FAZENDA PANORAMA', '89096457002280', '13213132131', 'Fazenda Panorama Slc Agricola S.a. Br 020 Km 67 Zona Rural Correntina BA 47650-000', 39);

-- --------------------------------------------------------

--
-- Estrutura da tabela `tb_estado`
--

CREATE TABLE `tb_estado` (
  `id` int(11) NOT NULL,
  `estado` varchar(200) NOT NULL,
  `sigla` char(14) NOT NULL,
  `pais_id` int(11) NOT NULL
) ENGINE=InnoDB DEFAULT CHARSET=utf8mb4;

--
-- Extraindo dados da tabela `tb_estado`
--

INSERT INTO `tb_estado` (`id`, `estado`, `sigla`, `pais_id`) VALUES
(222, 'ACRE', 'AC', 162),
(224, 'AMAPÁ', 'AP', 162),
(225, 'AMAZONAS', 'AM', 162),
(226, 'BAHIA', 'BA', 162),
(227, 'CEARÁ', 'CE', 162),
(228, 'ESPÍRITO SANTO', 'ES', 162),
(229, 'GOIÁS', 'GO', 162),
(230, 'MARANHÃO', 'MA', 162),
(231, 'MATO GROSSO', 'MT', 162),
(232, 'MATO GROSSO DO SUL', 'MS', 162),
(233, 'PARÁ', 'PA', 162),
(234, 'PARAÍBA', 'PB', 162),
(235, 'PARANÁ', 'PR', 162),
(236, 'PERNAMBUCO', 'PE', 162),
(237, 'PIAUÍ', 'PI', 162),
(238, 'RIO DE JANEIRO', 'RJ', 162),
(239, 'RIO GRANDE DO NORTE', 'RN', 162),
(240, 'RIO GRANDE DO SUL', 'RS', 162),
(241, 'RONDÔNIA', 'RO', 162),
(242, 'RORAIMA', 'RR', 162),
(243, 'SANTA CATARINA', 'SC', 162),
(244, 'SÃO PAULO', 'SP', 162),
(245, 'SERGIPE', 'SE', 162),
(246, 'TOCANTINS', 'TO', 162),
(247, 'DISTRITO FEDERAL', 'DF', 162),
(248, 'MINAS GERAIS', 'MG', 162),
(249, 'ALAGOAS', 'AL', 162),
(250, 'BAHIA', 'BA', 162),
(251, 'BAHIA', 'BA', 162);

-- --------------------------------------------------------

--
-- Estrutura da tabela `tb_pais`
--

CREATE TABLE `tb_pais` (
  `pais_id` int(11) NOT NULL,
  `pais_nome` varchar(200) NOT NULL,
  `pais_sigla` char(14) NOT NULL
) ENGINE=InnoDB DEFAULT CHARSET=utf8mb4;

--
-- Extraindo dados da tabela `tb_pais`
--

INSERT INTO `tb_pais` (`pais_id`, `pais_nome`, `pais_sigla`) VALUES
(162, 'BRASIL', 'BRA'),
(183, 'ESTADOS UNIDOS DA AMERICA', 'USA'),
(184, 'Brasil', 'BRA'),
(185, 'ESTADOS UNIDOS DA AMERICA', 'BRA'),
(186, 'BRASIL', 'BRA'),
(187, 'ESTADOS UNIDOS DA AMERICA', 'USA'),
(188, 'AUSTRALIA', 'BRA'),
(189, 'BRASIL', 'USA'),
(190, 'AUSTRALIA', 'AUS'),
(191, 'ESTADOS UNIDOS DA AMERICA', 'BRA'),
(192, 'BRASIL', 'AUS'),
(193, 'ESTADOS UNIDOS DA AMERICAAAA', 'BRA'),
(194, 'AUSTRALIA', 'BRA');

-- --------------------------------------------------------

--
-- Estrutura da tabela `tb_status`
--

CREATE TABLE `tb_status` (
  `id` int(11) NOT NULL,
  `status` varchar(25) COLLATE utf8_unicode_ci NOT NULL
) ENGINE=InnoDB DEFAULT CHARSET=utf8 COLLATE=utf8_unicode_ci;

--
-- Extraindo dados da tabela `tb_status`
--

INSERT INTO `tb_status` (`id`, `status`) VALUES
(1, 'Ativo'),
(2, 'Inativo'),
(7, 'Em andamento'),
(8, 'Concluído'),
(9, 'Ativo');

-- --------------------------------------------------------

--
-- Estrutura da tabela `tb_usuario`
--

CREATE TABLE `tb_usuario` (
  `id` int(11) NOT NULL,
  `email` varchar(100) NOT NULL,
  `password` varchar(10) NOT NULL,
  `status_id` int(11) DEFAULT NULL
) ENGINE=InnoDB DEFAULT CHARSET=utf8mb4;

--
-- Índices para tabelas despejadas
--

--
-- Índices para tabela `tb_acesso`
--
ALTER TABLE `tb_acesso`
  ADD PRIMARY KEY (`acesso_id`);

--
-- Índices para tabela `tb_ativo`
--
ALTER TABLE `tb_ativo`
  ADD PRIMARY KEY (`id`),
  ADD KEY `fk_empresa_id` (`empresa_id`);

--
-- Índices para tabela `tb_cfop`
--
ALTER TABLE `tb_cfop`
  ADD PRIMARY KEY (`id`);

--
-- Índices para tabela `tb_cidade`
--
ALTER TABLE `tb_cidade`
  ADD PRIMARY KEY (`id`),
  ADD KEY `fk_estado` (`estado_id`);

--
-- Índices para tabela `tb_empresa`
--
ALTER TABLE `tb_empresa`
  ADD PRIMARY KEY (`id`),
  ADD KEY `fk_cidade` (`cidade_id`);

--
-- Índices para tabela `tb_estado`
--
ALTER TABLE `tb_estado`
  ADD PRIMARY KEY (`id`),
  ADD KEY `fk_pais` (`pais_id`);

--
-- Índices para tabela `tb_pais`
--
ALTER TABLE `tb_pais`
  ADD PRIMARY KEY (`pais_id`),
  ADD UNIQUE KEY `pais_id` (`pais_id`);

--
-- Índices para tabela `tb_status`
--
ALTER TABLE `tb_status`
  ADD PRIMARY KEY (`id`);

--
-- Índices para tabela `tb_usuario`
--
ALTER TABLE `tb_usuario`
  ADD PRIMARY KEY (`id`);

--
-- AUTO_INCREMENT de tabelas despejadas
--

--
-- AUTO_INCREMENT de tabela `tb_acesso`
--
ALTER TABLE `tb_acesso`
  MODIFY `acesso_id` int(11) NOT NULL AUTO_INCREMENT;

--
-- AUTO_INCREMENT de tabela `tb_ativo`
--
ALTER TABLE `tb_ativo`
  MODIFY `id` int(11) NOT NULL AUTO_INCREMENT, AUTO_INCREMENT=476;

--
-- AUTO_INCREMENT de tabela `tb_cfop`
--
ALTER TABLE `tb_cfop`
  MODIFY `id` int(11) NOT NULL AUTO_INCREMENT, AUTO_INCREMENT=10;

--
-- AUTO_INCREMENT de tabela `tb_cidade`
--
ALTER TABLE `tb_cidade`
  MODIFY `id` int(11) NOT NULL AUTO_INCREMENT, AUTO_INCREMENT=42;

--
-- AUTO_INCREMENT de tabela `tb_empresa`
--
ALTER TABLE `tb_empresa`
  MODIFY `id` int(11) NOT NULL AUTO_INCREMENT, AUTO_INCREMENT=910;

--
-- AUTO_INCREMENT de tabela `tb_estado`
--
ALTER TABLE `tb_estado`
  MODIFY `id` int(11) NOT NULL AUTO_INCREMENT, AUTO_INCREMENT=253;

--
-- AUTO_INCREMENT de tabela `tb_pais`
--
ALTER TABLE `tb_pais`
  MODIFY `pais_id` int(11) NOT NULL AUTO_INCREMENT, AUTO_INCREMENT=195;

--
-- AUTO_INCREMENT de tabela `tb_status`
--
ALTER TABLE `tb_status`
  MODIFY `id` int(11) NOT NULL AUTO_INCREMENT, AUTO_INCREMENT=11;

--
-- AUTO_INCREMENT de tabela `tb_usuario`
--
ALTER TABLE `tb_usuario`
  MODIFY `id` int(11) NOT NULL AUTO_INCREMENT;

--
-- Restrições para despejos de tabelas
--

--
-- Limitadores para a tabela `tb_ativo`
--
ALTER TABLE `tb_ativo`
  ADD CONSTRAINT `fk_empresa_id` FOREIGN KEY (`empresa_id`) REFERENCES `tb_empresa` (`id`);

--
-- Limitadores para a tabela `tb_cidade`
--
ALTER TABLE `tb_cidade`
  ADD CONSTRAINT `fk_estado` FOREIGN KEY (`estado_id`) REFERENCES `tb_estado` (`id`) ON UPDATE CASCADE;

--
-- Limitadores para a tabela `tb_empresa`
--
ALTER TABLE `tb_empresa`
  ADD CONSTRAINT `fk_cidade` FOREIGN KEY (`cidade_id`) REFERENCES `tb_cidade` (`id`) ON UPDATE CASCADE,
  ADD CONSTRAINT `fk_status_id` FOREIGN KEY (`status_id`) REFERENCES `tb_status` (`id`),
  ADD CONSTRAINT `status_id` FOREIGN KEY (`id`) REFERENCES `tb_status` (`id`) ON DELETE NO ACTION ON UPDATE NO ACTION;

--
-- Limitadores para a tabela `tb_estado`
--
ALTER TABLE `tb_estado`
  ADD CONSTRAINT `fk_pais` FOREIGN KEY (`pais_id`) REFERENCES `tb_pais` (`pais_id`) ON UPDATE CASCADE;
COMMIT;

/*!40101 SET CHARACTER_SET_CLIENT=@OLD_CHARACTER_SET_CLIENT */;
/*!40101 SET CHARACTER_SET_RESULTS=@OLD_CHARACTER_SET_RESULTS */;
/*!40101 SET COLLATION_CONNECTION=@OLD_COLLATION_CONNECTION */;
